ap_car,ap_cat,ap_chair,ap_dog,ap_person,checkpoint,checkpoint_path,conf_thresh,mAP@0.5,max_det,micro_precision,micro_recall,mode,nms_iou_thresh,num_predictions,precision_car,precision_cat,precision_chair,precision_dog,precision_person,recall_car,recall_cat,recall_chair,recall_dog,recall_person
0.357501,0.819474,0.429667,0.814625,0.635349,phase2,checkpoints/best_map_resnet50_mse_phase2.pth,0.15,0.611323,100,0.056975,0.845126,raw_max100,0.3,29978,0.023321,0.558824,0.052946,0.326047,0.061589,0.826855,0.863636,0.755319,0.868932,0.865922
0.356643,0.819474,0.42977,0.814625,0.634707,phase2,checkpoints/best_map_resnet50_mse_phase2.pth,0.15,0.611044,50,0.063648,0.840178,raw_max50,0.3,26678,0.027119,0.558824,0.056679,0.327239,0.067841,0.812721,0.863636,0.755319,0.868932,0.860335
0.336283,0.829767,0.431862,0.817745,0.638288,phase2,checkpoints/best_map_resnet50_mse_phase2.pth,0.15,0.610789,100,0.051171,0.868877,raw_max100,0.35,34316,0.021186,0.54007,0.047414,0.305743,0.055232,0.858657,0.880682,0.780142,0.878641,0.891061
0.35741,0.816047,0.42947,0.814625,0.635036,phase2,checkpoints/best_map_resnet50_mse_phase2.pth,0.2,0.610518,100,0.066505,0.841168,raw_max100,0.3,25562,0.027172,0.616327,0.061289,0.363083,0.072322,0.823322,0.857955,0.751773,0.868932,0.861266
0.356539,0.816047,0.429561,0.814625,0.634432,phase2,checkpoints/best_map_resnet50_mse_phase2.pth,0.2,0.610241,50,0.072998,0.836714,raw_max50,0.3,23165,0.030846,0.616327,0.064911,0.364562,0.078371,0.809187,0.857955,0.751773,0.868932,0.856611
0.334771,0.829767,0.431819,0.814626,0.637995,phase2,checkpoints/best_map_resnet50_mse_phase2.pth,0.15,0.609795,50,0.059478,0.86195,raw_max50,0.35,29288,0.02537,0.54007,0.052292,0.307692,0.063682,0.830389,0.880682,0.776596,0.873786,0.887337
0.336201,0.826443,0.431862,0.816188,0.638169,phase2,checkpoints/best_map_resnet50_mse_phase2.pth,0.2,0.609773,100,0.05937,0.866403,raw_max100,0.35,29493,0.024349,0.596899,0.055304,0.340265,0.064575,0.855124,0.875,0.780142,0.873786,0.889199
0.357302,0.812442,0.428994,0.814625,0.634826,phase2,checkpoints/best_map_resnet50_mse_phase2.pth,0.25,0.609638,100,0.075682,0.837704,raw_max100,0.3,22370,0.030769,0.655022,0.069907,0.387446,0.082802,0.819788,0.852273,0.744681,0.868932,0.858473
0.357068,0.812442,0.428742,0.814625,0.634419,phase2,checkpoints/best_map_resnet50_mse_phase2.pth,0.3,0.609459,100,0.084537,0.833746,raw_max100,0.3,19932,0.034416,0.675676,0.078277,0.42217,0.092319,0.812721,0.852273,0.741135,0.868932,0.853818
0.356419,0.812442,0.429061,0.814625,0.634205,phase2,checkpoints/best_map_resnet50_mse_phase2.pth,0.25,0.60935,50,0.081752,0.833251,raw_max50,0.3,20599,0.034275,0.655022,0.073145,0.387446,0.0883,0.805654,0.852273,0.744681,0.868932,0.853818
0.356284,0.812442,0.428797,0.814625,0.633859,phase2,checkpoints/best_map_resnet50_mse_phase2.pth,0.3,0.609201,50,0.090268,0.830282,raw_max50,0.3,18589,0.03789,0.675676,0.081102,0.42217,0.097387,0.80212,0.852273,0.741135,0.868932,0.850093
0.336018,0.822943,0.431219,0.816188,0.637907,phase2,checkpoints/best_map_resnet50_mse_phase2.pth,0.25,0.608855,100,0.067267,0.861455,raw_max100,0.35,25882,0.027366,0.634855,0.062917,0.365854,0.07355,0.848057,0.869318,0.769504,0.873786,0.885475
0.334674,0.826443,0.431819,0.813057,0.63786,phase2,checkpoints/best_map_resnet50_mse_phase2.pth,0.2,0.608771,50,0.067693,0.859476,raw_max50,0.35,25660,0.028571,0.596899,0.059754,0.342256,0.073019,0.826855,0.875,0.776596,0.868932,0.885475
0.33591,0.822943,0.430992,0.816188,0.637621,phase2,checkpoints/best_map_resnet50_mse_phase2.pth,0.3,0.608731,100,0.075063,0.858486,raw_max100,0.35,23114,0.030625,0.656652,0.070312,0.401786,0.081942,0.844523,0.869318,0.765957,0.873786,0.88175
0.356107,0.812442,0.42781,0.81249,0.633667,phase2,checkpoints/best_map_resnet50_mse_phase2.pth,0.15,0.608503,50,0.112185,0.826818,classwise_current_max50,0.3,14895,0.050492,0.675676,0.097862,0.445,0.118435,0.798587,0.852273,0.730496,0.864078,0.848231
0.356107,0.812442,0.42781,0.81249,0.633667,phase2,checkpoints/best_map_resnet50_mse_phase2.pth,0.2,0.608503,50,0.112185,0.826818,classwise_current_max50,0.3,14895,0.050492,0.675676,0.097862,0.445,0.118435,0.798587,0.852273,0.730496,0.864078,0.848231
0.356107,0.812442,0.42781,0.81249,0.633667,phase2,checkpoints/best_map_resnet50_mse_phase2.pth,0.25,0.608503,50,0.112185,0.826818,classwise_current_max50,0.3,14895,0.050492,0.675676,0.097862,0.445,0.118435,0.798587,0.852273,0.730496,0.864078,0.848231
0.356107,0.812442,0.42781,0.81249,0.633667,phase2,checkpoints/best_map_resnet50_mse_phase2.pth,0.3,0.608503,50,0.112185,0.826818,classwise_current_max50,0.3,14895,0.050492,0.675676,0.097862,0.445,0.118435,0.798587,0.852273,0.730496,0.864078,0.848231
0.357068,0.808422,0.428438,0.81249,0.634236,phase2,checkpoints/best_map_resnet50_mse_phase2.pth,0.35,0.608131,100,0.094197,0.831272,raw_max100,0.3,17835,0.038462,0.723301,0.087727,0.445,0.103064,0.812721,0.846591,0.737589,0.864078,0.851955
0.334563,0.822943,0.43136,0.813057,0.637567,phase2,checkpoints/best_map_resnet50_mse_phase2.pth,0.25,0.607898,50,0.075449,0.855517,raw_max50,0.35,22916,0.031585,0.634855,0.067037,0.366803,0.081828,0.823322,0.869318,0.769504,0.868932,0.88175
0.356894,0.812509,0.427655,0.809287,0.633109,phase2,checkpoints/best_map_resnet50_mse_phase2.pth,0.15,0.607891,30,0.123985,0.82385,classwise_current_max30,0.3,13429,0.05861,0.678733,0.102912,0.445844,0.13026,0.798587,0.852273,0.72695,0.859223,0.844507
0.356894,0.812509,0.427655,0.809287,0.633109,phase2,checkpoints/best_map_resnet50_mse_phase2.pth,0.2,0.607891,30,0.123985,0.82385,classwise_current_max30,0.3,13429,0.05861,0.678733,0.102912,0.445844,0.13026,0.798587,0.852273,0.72695,0.859223,0.844507
0.356894,0.812509,0.427655,0.809287,0.633109,phase2,checkpoints/best_map_resnet50_mse_phase2.pth,0.25,0.607891,30,0.123985,0.82385,classwise_current_max30,0.3,13429,0.05861,0.678733,0.102912,0.445844,0.13026,0.798587,0.852273,0.72695,0.859223,0.844507
0.356894,0.812509,0.427655,0.809287,0.633109,phase2,checkpoints/best_map_resnet50_mse_phase2.pth,0.3,0.607891,30,0.123985,0.82385,classwise_current_max30,0.3,13429,0.05861,0.678733,0.102912,0.445844,0.13026,0.798587,0.852273,0.72695,0.859223,0.844507
0.356284,0.808422,0.428484,0.81249,0.633667,phase2,checkpoints/best_map_resnet50_mse_phase2.pth,0.35,0.607869,50,0.099542,0.827808,raw_max50,0.3,16807,0.041759,0.723301,0.090239,0.445,0.107683,0.80212,0.846591,0.737589,0.864078,0.848231
0.334563,0.822943,0.431118,0.813057,0.637251,phase2,checkpoints/best_map_resnet50_mse_phase2.pth,0.3,0.607787,50,0.082996,0.853043,raw_max50,0.35,20772,0.034854,0.656652,0.074201,0.403153,0.089818,0.823322,0.869318,0.765957,0.868932,0.878026
0.356107,0.808422,0.42781,0.81249,0.633667,phase2,checkpoints/best_map_resnet50_mse_phase2.pth,0.35,0.607699,50,0.112239,0.826324,classwise_current_max50,0.3,14879,0.050492,0.723301,0.097862,0.445,0.118435,0.798587,0.846591,0.730496,0.864078,0.848231
0.356922,0.808422,0.427779,0.810216,0.634133,phase2,checkpoints/best_map_resnet50_mse_phase2.pth,0.4,0.607494,100,0.104193,0.828798,raw_max100,0.3,16076,0.042621,0.752525,0.096217,0.474531,0.114379,0.809187,0.846591,0.730496,0.859223,0.851024
0.33591,0.819045,0.430719,0.814151,0.63746,phase2,checkpoints/best_map_resnet50_mse_phase2.pth,0.35,0.607457,100,0.083712,0.856012,raw_max100,0.35,20666,0.034211,0.703704,0.078726,0.42619,0.091632,0.844523,0.863636,0.762411,0.868932,0.879888
0.356284,0.808422,0.42781,0.810216,0.633667,phase2,checkpoints/best_map_resnet50_mse_phase2.pth,0.4,0.60728,50,0.109179,0.826324,raw_max50,0.3,15296,0.045989,0.752525,0.097862,0.474531,0.118558,0.80212,0.846591,0.730496,0.859223,0.848231
0.356107,0.808422,0.42781,0.810216,0.633667,phase2,checkpoints/best_map_resnet50_mse_phase2.pth,0.4,0.607244,50,0.112436,0.825829,classwise_current_max50,0.3,14844,0.050492,0.752525,0.097862,0.474531,0.118435,0.798587,0.846591,0.730496,0.859223,0.848231
0.334563,0.822943,0.430217,0.811017,0.636976,phase2,checkpoints/best_map_resnet50_mse_phase2.pth,0.15,0.607143,50,0.102269,0.849579,classwise_current_max50,0.35,16789,0.045821,0.656652,0.089722,0.425837,0.108307,0.823322,0.869318,0.755319,0.864078,0.875233
0.334563,0.822943,0.430217,0.811017,0.636976,phase2,checkpoints/best_map_resnet50_mse_phase2.pth,0.2,0.607143,50,0.102269,0.849579,classwise_current_max50,0.35,16789,0.045821,0.656652,0.089722,0.425837,0.108307,0.823322,0.869318,0.755319,0.864078,0.875233
0.334563,0.822943,0.430217,0.811017,0.636976,phase2,checkpoints/best_map_resnet50_mse_phase2.pth,0.25,0.607143,50,0.102269,0.849579,classwise_current_max50,0.35,16789,0.045821,0.656652,0.089722,0.425837,0.108307,0.823322,0.869318,0.755319,0.864078,0.875233
0.334563,0.822943,0.430217,0.811017,0.636976,phase2,checkpoints/best_map_resnet50_mse_phase2.pth,0.3,0.607143,50,0.102269,0.849579,classwise_current_max50,0.35,16789,0.045821,0.656652,0.089722,0.425837,0.108307,0.823322,0.869318,0.755319,0.864078,0.875233
0.334829,0.823027,0.430306,0.811017,0.636282,phase2,checkpoints/best_map_resnet50_mse_phase2.pth,0.15,0.607092,30,0.116096,0.845126,classwise_current_max30,0.35,14712,0.054399,0.659483,0.096848,0.426859,0.122286,0.812721,0.869318,0.751773,0.864078,0.870577
0.334829,0.823027,0.430306,0.811017,0.636282,phase2,checkpoints/best_map_resnet50_mse_phase2.pth,0.2,0.607092,30,0.116096,0.845126,classwise_current_max30,0.35,14712,0.054399,0.659483,0.096848,0.426859,0.122286,0.812721,0.869318,0.751773,0.864078,0.870577
0.334829,0.823027,0.430306,0.811017,0.636282,phase2,checkpoints/best_map_resnet50_mse_phase2.pth,0.25,0.607092,30,0.116096,0.845126,classwise_current_max30,0.35,14712,0.054399,0.659483,0.096848,0.426859,0.122286,0.812721,0.869318,0.751773,0.864078,0.870577
0.334829,0.823027,0.430306,0.811017,0.636282,phase2,checkpoints/best_map_resnet50_mse_phase2.pth,0.3,0.607092,30,0.116096,0.845126,classwise_current_max30,0.35,14712,0.054399,0.659483,0.096848,0.426859,0.122286,0.812721,0.869318,0.751773,0.864078,0.870577
0.356894,0.808469,0.427655,0.809287,0.633109,phase2,checkpoints/best_map_resnet50_mse_phase2.pth,0.35,0.607083,30,0.124059,0.823355,classwise_current_max30,0.3,13413,0.05861,0.726829,0.102912,0.445844,0.13026,0.798587,0.846591,0.72695,0.859223,0.844507
0.313846,0.832227,0.42601,0.829583,0.632312,phase2,checkpoints/best_map_resnet50_mse_phase2.pth,0.15,0.606796,100,0.046364,0.893617,raw_max100,0.4,38953,0.019518,0.511475,0.04221,0.280303,0.050082,0.890459,0.886364,0.815603,0.898058,0.91527
0.356894,0.808469,0.427655,0.807014,0.633109,phase2,checkpoints/best_map_resnet50_mse_phase2.pth,0.4,0.606628,30,0.124299,0.82286,classwise_current_max30,0.3,13379,0.05861,0.756345,0.102912,0.474394,0.13026,0.798587,0.846591,0.72695,0.854369,0.844507
0.334563,0.819045,0.430832,0.811017,0.637075,phase2,checkpoints/best_map_resnet50_mse_phase2.pth,0.35,0.606507,50,0.091257,0.850569,raw_max50,0.35,18837,0.038241,0.703704,0.082407,0.426859,0.099032,0.823322,0.863636,0.762411,0.864078,0.876164
0.356757,0.804035,0.427401,0.810216,0.633785,phase2,checkpoints/best_map_resnet50_mse_phase2.pth,0.45,0.606439,100,0.115088,0.825829,raw_max100,0.3,14502,0.047098,0.774869,0.106218,0.495798,0.126827,0.805654,0.840909,0.72695,0.859223,0.848231
0.335784,0.814853,0.430127,0.814151,0.63719,phase2,checkpoints/best_map_resnet50_mse_phase2.pth,0.4,0.606421,100,0.092411,0.852548,raw_max100,0.35,18645,0.037772,0.736585,0.086832,0.456633,0.101356,0.840989,0.857955,0.755319,0.868932,0.877095
0.334563,0.819045,0.430217,0.811017,0.636976,phase2,checkpoints/best_map_resnet50_mse_phase2.pth,0.35,0.606364,50,0.102313,0.849085,classwise_current_max50,0.35,16772,0.045821,0.703704,0.089722,0.425837,0.108307,0.823322,0.863636,0.755319,0.864078,0.875233
0.334829,0.819111,0.430306,0.811017,0.636282,phase2,checkpoints/best_map_resnet50_mse_phase2.pth,0.35,0.606309,30,0.116162,0.844631,classwise_current_max30,0.35,14695,0.054399,0.706977,0.096848,0.426859,0.122286,0.812721,0.863636,0.751773,0.864078,0.870577
0.356107,0.804035,0.427428,0.810216,0.633309,phase2,checkpoints/best_map_resnet50_mse_phase2.pth,0.45,0.606219,50,0.119807,0.823355,raw_max50,0.3,13889,0.050492,0.774869,0.107668,0.495798,0.130441,0.798587,0.840909,0.72695,0.859223,0.845438
0.356107,0.804035,0.427428,0.810216,0.633309,phase2,checkpoints/best_map_resnet50_mse_phase2.pth,0.45,0.606219,50,0.119807,0.823355,classwise_current_max50,0.3,13889,0.050492,0.774869,0.107668,0.495798,0.130441,0.798587,0.840909,0.72695,0.859223,0.845438
0.313702,0.829073,0.42601,0.829583,0.632048,phase2,checkpoints/best_map_resnet50_mse_phase2.pth,0.2,0.606083,100,0.053507,0.889659,raw_max100,0.4,33603,0.022232,0.565693,0.049367,0.3157,0.058079,0.883392,0.880682,0.815603,0.898058,0.910615
0.312766,0.832332,0.425351,0.826536,0.631833,phase2,checkpoints/best_map_resnet50_mse_phase2.pth,0.15,0.605764,50,0.056068,0.883721,raw_max50,0.4,31854,0.024828,0.513158,0.04827,0.283077,0.059633,0.865724,0.886364,0.801418,0.893204,0.907821
0.356894,0.80406,0.427255,0.807014,0.632718,phase2,checkpoints/best_map_resnet50_mse_phase2.pth,0.45,0.605588,30,0.131859,0.820386,classwise_current_max30,0.3,12574,0.05861,0.778947,0.112521,0.495775,0.142138,0.798587,0.840909,0.723404,0.854369,0.841713
0.334563,0.814853,0.430217,0.811017,0.636976,phase2,checkpoints/best_map_resnet50_mse_phase2.pth,0.4,0.605525,50,0.102492,0.84859,classwise_current_max50,0.35,16733,0.045821,0.736585,0.089722,0.45641,0.108307,0.823322,0.857955,0.755319,0.864078,0.875233
0.334563,0.814853,0.430217,0.811017,0.636976,phase2,checkpoints/best_map_resnet50_mse_phase2.pth,0.4,0.605525,50,0.099622,0.84859,raw_max50,0.35,17215,0.041801,0.736585,0.089722,0.45641,0.108395,0.823322,0.857955,0.755319,0.864078,0.875233
0.334829,0.814898,0.430306,0.811017,0.636282,phase2,checkpoints/best_map_resnet50_mse_phase2.pth,0.4,0.605466,30,0.116395,0.844137,classwise_current_max30,0.35,14657,0.054399,0.740196,0.096848,0.45641,0.122286,0.812721,0.857955,0.751773,0.864078,0.870577
0.335784,0.810541,0.429452,0.814151,0.636985,phase2,checkpoints/best_map_resnet50_mse_phase2.pth,0.45,0.605383,100,0.10214,0.850074,raw_max100,0.35,16820,0.041931,0.761421,0.095346,0.48248,0.1124,0.840989,0.852273,0.748227,0.868932,0.875233
0.312583,0.829166,0.425351,0.826536,0.631648,phase2,checkpoints/best_map_resnet50_mse_phase2.pth,0.2,0.605057,50,0.063302,0.880752,raw_max50,0.4,28119,0.027686,0.567766,0.054908,0.318891,0.067613,0.858657,0.880682,0.801418,0.893204,0.905028
0.313455,0.825724,0.425438,0.828002,0.631819,phase2,checkpoints/best_map_resnet50_mse_phase2.pth,0.25,0.604888,100,0.060155,0.883721,raw_max100,0.4,29690,0.024675,0.606299,0.055829,0.340111,0.065726,0.872792,0.875,0.804965,0.893204,0.90689
0.313266,0.825724,0.424823,0.828002,0.631627,phase2,checkpoints/best_map_resnet50_mse_phase2.pth,0.3,0.604688,100,0.066892,0.879762,raw_max100,0.4,26580,0.027365,0.631148,0.062291,0.374745,0.073029,0.865724,0.875,0.794326,0.893204,0.904097
0.334563,0.810541,0.429523,0.811017,0.636759,phase2,checkpoints/best_map_resnet50_mse_phase2.pth,0.45,0.604481,50,0.108931,0.846116,raw_max50,0.35,15698,0.045821,0.761421,0.097957,0.482385,0.118839,0.823322,0.852273,0.748227,0.864078,0.873371
0.334563,0.810541,0.429523,0.811017,0.636759,phase2,checkpoints/best_map_resnet50_mse_phase2.pth,0.45,0.604481,50,0.108931,0.846116,classwise_current_max50,0.35,15698,0.045821,0.761421,0.097957,0.482385,0.118839,0.823322,0.852273,0.748227,0.864078,0.873371
0.334829,0.810565,0.429565,0.811017,0.636039,phase2,checkpoints/best_map_resnet50_mse_phase2.pth,0.45,0.604403,30,0.123029,0.841663,classwise_current_max30,0.35,13826,0.054399,0.765306,0.10453,0.482385,0.13283,0.812721,0.852273,0.744681,0.864078,0.868715
0.356391,0.799465,0.427001,0.805312,0.633416,phase2,checkpoints/best_map_resnet50_mse_phase2.pth,0.5,0.604317,100,0.126873,0.821376,raw_max100,0.3,13084,0.052086,0.803279,0.117851,0.511696,0.139929,0.798587,0.835227,0.723404,0.849515,0.845438
0.355719,0.799465,0.427023,0.805312,0.63293,phase2,checkpoints/best_map_resnet50_mse_phase2.pth,0.5,0.60409,50,0.131048,0.818902,raw_max50,0.3,12629,0.055186,0.803279,0.11902,0.511696,0.142947,0.791519,0.835227,0.723404,0.849515,0.842644
0.355719,0.799465,0.427023,0.805312,0.63293,phase2,checkpoints/best_map_resnet50_mse_phase2.pth,0.5,0.60409,50,0.131048,0.818902,classwise_current_max50,0.3,12629,0.055186,0.803279,0.11902,0.511696,0.142947,0.791519,0.835227,0.723404,0.849515,0.842644
0.312377,0.825805,0.424932,0.824938,0.631384,phase2,checkpoints/best_map_resnet50_mse_phase2.pth,0.25,0.603887,50,0.069977,0.875804,raw_max50,0.4,25294,0.030189,0.608696,0.061019,0.342697,0.075313,0.85159,0.875,0.794326,0.88835,0.901304
0.312265,0.825805,0.424712,0.824938,0.631165,phase2,checkpoints/best_map_resnet50_mse_phase2.pth,0.3,0.603777,50,0.076843,0.87333,raw_max50,0.4,22969,0.033062,0.633745,0.067699,0.375,0.082585,0.848057,0.875,0.79078,0.88835,0.89851
0.356447,0.799465,0.427255,0.802117,0.632444,phase2,checkpoints/best_map_resnet50_mse_phase2.pth,0.5,0.603545,30,0.14313,0.816922,classwise_current_max30,0.3,11535,0.063474,0.807692,0.123636,0.510264,0.154637,0.791519,0.835227,0.723404,0.84466,0.839851
0.313266,0.821985,0.424353,0.826109,0.631414,phase2,checkpoints/best_map_resnet50_mse_phase2.pth,0.35,0.603425,100,0.074073,0.876299,raw_max100,0.4,23909,0.030314,0.676991,0.069724,0.396963,0.080964,0.865724,0.869318,0.787234,0.88835,0.901304
0.335458,0.806079,0.428723,0.809382,0.636656,phase2,checkpoints/best_map_resnet50_mse_phase2.pth,0.5,0.60326,100,0.11262,0.845126,raw_max100,0.35,15166,0.046293,0.784211,0.105609,0.498592,0.124205,0.833922,0.846591,0.741135,0.859223,0.872439
0.313266,0.821985,0.42357,0.826109,0.631338,phase2,checkpoints/best_map_resnet50_mse_phase2.pth,0.4,0.603254,100,0.081692,0.87432,raw_max100,0.4,21630,0.033539,0.705069,0.076307,0.42757,0.089454,0.865724,0.869318,0.776596,0.88835,0.900372
0.312265,0.825805,0.423375,0.823044,0.631007,phase2,checkpoints/best_map_resnet50_mse_phase2.pth,0.15,0.603099,50,0.093502,0.869372,classwise_current_max50,0.4,18791,0.042614,0.633745,0.080472,0.39738,0.098779,0.848057,0.875,0.77305,0.883495,0.896648
0.312265,0.825805,0.423375,0.823044,0.631007,phase2,checkpoints/best_map_resnet50_mse_phase2.pth,0.2,0.603099,50,0.093502,0.869372,classwise_current_max50,0.4,18791,0.042614,0.633745,0.080472,0.39738,0.098779,0.848057,0.875,0.77305,0.883495,0.896648
0.312265,0.825805,0.423375,0.823044,0.631007,phase2,checkpoints/best_map_resnet50_mse_phase2.pth,0.25,0.603099,50,0.093502,0.869372,classwise_current_max50,0.4,18791,0.042614,0.633745,0.080472,0.39738,0.098779,0.848057,0.875,0.77305,0.883495,0.896648
0.312265,0.825805,0.423375,0.823044,0.631007,phase2,checkpoints/best_map_resnet50_mse_phase2.pth,0.3,0.603099,50,0.093502,0.869372,classwise_current_max50,0.4,18791,0.042614,0.633745,0.080472,0.39738,0.098779,0.848057,0.875,0.77305,0.883495,0.896648
0.312265,0.822049,0.424206,0.823044,0.631007,phase2,checkpoints/best_map_resnet50_mse_phase2.pth,0.35,0.602514,50,0.08393,0.870361,raw_max50,0.4,20958,0.035982,0.68,0.074612,0.39738,0.090482,0.848057,0.869318,0.783688,0.883495,0.896648
0.312008,0.825821,0.423783,0.820857,0.62959,phase2,checkpoints/best_map_resnet50_mse_phase2.pth,0.15,0.602412,30,0.108525,0.860465,classwise_current_max30,0.4,16024,0.051007,0.636364,0.090379,0.397802,0.114142,0.823322,0.875,0.769504,0.878641,0.888268
0.312008,0.825821,0.423783,0.820857,0.62959,phase2,checkpoints/best_map_resnet50_mse_phase2.pth,0.2,0.602412,30,0.108525,0.860465,classwise_current_max30,0.4,16024,0.051007,0.636364,0.090379,0.397802,0.114142,0.823322,0.875,0.769504,0.878641,0.888268
0.312008,0.825821,0.423783,0.820857,0.62959,phase2,checkpoints/best_map_resnet50_mse_phase2.pth,0.25,0.602412,30,0.108525,0.860465,classwise_current_max30,0.4,16024,0.051007,0.636364,0.090379,0.397802,0.114142,0.823322,0.875,0.769504,0.878641,0.888268
0.312008,0.825821,0.423783,0.820857,0.62959,phase2,checkpoints/best_map_resnet50_mse_phase2.pth,0.3,0.602412,30,0.108525,0.860465,classwise_current_max30,0.4,16024,0.051007,0.636364,0.090379,0.397802,0.114142,0.823322,0.875,0.769504,0.878641,0.888268
0.334623,0.806079,0.429162,0.806256,0.635654,phase2,checkpoints/best_map_resnet50_mse_phase2.pth,0.5,0.602355,30,0.133265,0.837704,classwise_current_max30,0.35,12704,0.05899,0.78836,0.114083,0.497175,0.144253,0.809187,0.846591,0.741135,0.854369,0.865922
0.312265,0.822049,0.423375,0.823044,0.631007,phase2,checkpoints/best_map_resnet50_mse_phase2.pth,0.4,0.602348,50,0.093743,0.868877,classwise_current_max50,0.4,18732,0.042614,0.708333,0.080472,0.42723,0.098779,0.848057,0.869318,0.77305,0.883495,0.896648
0.312265,0.822049,0.423375,0.823044,0.631007,phase2,checkpoints/best_map_resnet50_mse_phase2.pth,0.35,0.602348,50,0.093539,0.868877,classwise_current_max50,0.4,18773,0.042614,0.68,0.080472,0.39738,0.098779,0.848057,0.869318,0.77305,0.883495,0.896648
0.312265,0.822049,0.423375,0.823044,0.631007,phase2,checkpoints/best_map_resnet50_mse_phase2.pth,0.4,0.602348,50,0.091401,0.868877,raw_max50,0.4,19212,0.039209,0.708333,0.080472,0.42723,0.098871,0.848057,0.869318,0.77305,0.883495,0.896648
0.334212,0.806079,0.428776,0.806256,0.636413,phase2,checkpoints/best_map_resnet50_mse_phase2.pth,0.5,0.602347,50,0.118873,0.841168,raw_max50,0.35,14301,0.049849,0.784211,0.107843,0.497175,0.130132,0.816254,0.846591,0.741135,0.854369,0.870577
0.334212,0.806079,0.428776,0.806256,0.636413,phase2,checkpoints/best_map_resnet50_mse_phase2.pth,0.5,0.602347,50,0.118873,0.841168,classwise_current_max50,0.35,14301,0.049849,0.784211,0.107843,0.497175,0.130132,0.816254,0.846591,0.741135,0.854369,0.870577
0.313266,0.817845,0.422991,0.823969,0.631157,phase2,checkpoints/best_map_resnet50_mse_phase2.pth,0.45,0.601846,100,0.090229,0.871351,raw_max100,0.4,19517,0.037138,0.7343,0.083751,0.447174,0.099331,0.865724,0.863636,0.769504,0.883495,0.89851
0.312008,0.822049,0.423783,0.820857,0.62959,phase2,checkpoints/best_map_resnet50_mse_phase2.pth,0.4,0.601657,30,0.10885,0.85997,classwise_current_max30,0.4,15967,0.051007,0.708333,0.090379,0.426887,0.114142,0.823322,0.869318,0.769504,0.878641,0.888268
0.312008,0.822049,0.423783,0.820857,0.62959,phase2,checkpoints/best_map_resnet50_mse_phase2.pth,0.35,0.601657,30,0.108584,0.85997,classwise_current_max30,0.4,16006,0.051007,0.683036,0.090379,0.397802,0.114142,0.823322,0.869318,0.769504,0.878641,0.888268
0.299547,0.84181,0.417531,0.831341,0.615533,phase2,checkpoints/best_map_resnet50_mse_phase2.pth,0.15,0.601152,100,0.042051,0.907966,raw_max100,0.45,43638,0.018044,0.473214,0.036747,0.246053,0.045378,0.90106,0.903409,0.833333,0.907767,0.930168
0.312265,0.81789,0.422769,0.820904,0.630809,phase2,checkpoints/best_map_resnet50_mse_phase2.pth,0.45,0.600928,50,0.099404,0.865908,raw_max50,0.4,17605,0.042614,0.737864,0.087343,0.446914,0.108111,0.848057,0.863636,0.765957,0.878641,0.894786
0.312265,0.81789,0.422769,0.820904,0.630809,phase2,checkpoints/best_map_resnet50_mse_phase2.pth,0.45,0.600928,50,0.099404,0.865908,classwise_current_max50,0.4,17605,0.042614,0.737864,0.087343,0.446914,0.108111,0.848057,0.863636,0.765957,0.878641,0.894786
0.299345,0.838867,0.417267,0.831341,0.615252,phase2,checkpoints/best_map_resnet50_mse_phase2.pth,0.2,0.600414,100,0.048033,0.902029,raw_max100,0.45,37953,0.02026,0.528428,0.042241,0.276627,0.052197,0.890459,0.897727,0.826241,0.907767,0.924581
0.312008,0.81789,0.423109,0.818719,0.629364,phase2,checkpoints/best_map_resnet50_mse_phase2.pth,0.45,0.600218,30,0.114778,0.857001,classwise_current_max30,0.4,15090,0.051007,0.737864,0.096978,0.445545,0.123717,0.823322,0.863636,0.762411,0.873786,0.886406
0.299542,0.841951,0.416893,0.828446,0.61416,phase2,checkpoints/best_map_resnet50_mse_phase2.pth,0.15,0.600198,50,0.052708,0.895101,raw_max50,0.45,34321,0.023952,0.477477,0.044248,0.24933,0.055738,0.876325,0.903409,0.815603,0.902913,0.918063
0.312977,0.813549,0.422663,0.819574,0.630865,phase2,checkpoints/best_map_resnet50_mse_phase2.pth,0.5,0.599926,100,0.099676,0.866898,raw_max100,0.4,17577,0.04102,0.755,0.093103,0.466321,0.109981,0.858657,0.857955,0.765957,0.873786,0.895717
0.299121,0.835739,0.416946,0.831341,0.615098,phase2,checkpoints/best_map_resnet50_mse_phase2.pth,0.25,0.599649,100,0.053885,0.897575,raw_max100,0.45,33664,0.022306,0.568841,0.048266,0.300643,0.058869,0.879859,0.892045,0.819149,0.907767,0.921788
0.299367,0.838998,0.416576,0.828446,0.613935,phase2,checkpoints/best_map_resnet50_mse_phase2.pth,0.2,0.599464,50,0.058845,0.890648,raw_max50,0.45,30589,0.026403,0.530201,0.049117,0.279699,0.06268,0.869258,0.897727,0.808511,0.902913,0.914339
0.299034,0.835739,0.416595,0.829836,0.614926,phase2,checkpoints/best_map_resnet50_mse_phase2.pth,0.3,0.599226,100,0.059552,0.894112,raw_max100,0.45,30343,0.024623,0.592453,0.053844,0.329787,0.064981,0.876325,0.892045,0.812057,0.902913,0.918994
0.31194,0.813572,0.42243,0.816518,0.630494,phase2,checkpoints/best_map_resnet50_mse_phase2.pth,0.5,0.598991,50,0.108204,0.861455,raw_max50,0.4,16090,0.046178,0.758794,0.096154,0.464935,0.118038,0.840989,0.857955,0.762411,0.868932,0.891993
0.31194,0.813572,0.42243,0.816518,0.630494,phase2,checkpoints/best_map_resnet50_mse_phase2.pth,0.5,0.598991,50,0.108204,0.861455,classwise_current_max50,0.4,16090,0.046178,0.758794,0.096154,0.464935,0.118038,0.840989,0.857955,0.762411,0.868932,0.891993
0.299171,0.835859,0.416576,0.828446,0.613876,phase2,checkpoints/best_map_resnet50_mse_phase2.pth,0.25,0.598786,50,0.064905,0.888669,raw_max50,0.45,27671,0.028605,0.570909,0.055059,0.303426,0.069515,0.862191,0.892045,0.808511,0.902913,0.913408
0.311816,0.813572,0.422737,0.816518,0.629004,phase2,checkpoints/best_map_resnet50_mse_phase2.pth,0.5,0.598729,30,0.124056,0.853538,classwise_current_max30,0.4,13905,0.055107,0.758794,0.105315,0.464935,0.134058,0.819788,0.857955,0.758865,0.868932,0.883613
0.299171,0.835859,0.416177,0.826931,0.613674,phase2,checkpoints/best_map_resnet50_mse_phase2.pth,0.3,0.598363,50,0.070723,0.8857,raw_max50,0.45,25310,0.031154,0.594697,0.060493,0.330357,0.075708,0.862191,0.892045,0.801418,0.898058,0.910615
0.299171,0.835859,0.414964,0.825246,0.613512,phase2,checkpoints/best_map_resnet50_mse_phase2.pth,0.15,0.597751,50,0.085513,0.881742,classwise_current_max50,0.45,20839,0.03972,0.594697,0.072034,0.356589,0.089971,0.862191,0.892045,0.783688,0.893204,0.908752
0.299171,0.835859,0.414964,0.825246,0.613512,phase2,checkpoints/best_map_resnet50_mse_phase2.pth,0.2,0.597751,50,0.085513,0.881742,classwise_current_max50,0.45,20839,0.03972,0.594697,0.072034,0.356589,0.089971,0.862191,0.892045,0.783688,0.893204,0.908752
0.299171,0.835859,0.414964,0.825246,0.613512,phase2,checkpoints/best_map_resnet50_mse_phase2.pth,0.25,0.597751,50,0.085513,0.881742,classwise_current_max50,0.45,20839,0.03972,0.594697,0.072034,0.356589,0.089971,0.862191,0.892045,0.783688,0.893204,0.908752
0.299171,0.835859,0.414964,0.825246,0.613512,phase2,checkpoints/best_map_resnet50_mse_phase2.pth,0.3,0.597751,50,0.085513,0.881742,classwise_current_max50,0.45,20839,0.03972,0.594697,0.072034,0.356589,0.089971,0.862191,0.892045,0.783688,0.893204,0.908752
0.298533,0.835901,0.413912,0.823248,0.612975,phase2,checkpoints/best_map_resnet50_mse_phase2.pth,0.15,0.596914,30,0.101792,0.871351,classwise_current_max30,0.45,17300,0.04865,0.596958,0.082135,0.358121,0.107163,0.833922,0.892045,0.769504,0.88835,0.901304
0.298533,0.835901,0.413912,0.823248,0.612975,phase2,checkpoints/best_map_resnet50_mse_phase2.pth,0.2,0.596914,30,0.101792,0.871351,classwise_current_max30,0.45,17300,0.04865,0.596958,0.082135,0.358121,0.107163,0.833922,0.892045,0.769504,0.88835,0.901304
0.298533,0.835901,0.413912,0.823248,0.612975,phase2,checkpoints/best_map_resnet50_mse_phase2.pth,0.25,0.596914,30,0.101792,0.871351,classwise_current_max30,0.45,17300,0.04865,0.596958,0.082135,0.358121,0.107163,0.833922,0.892045,0.769504,0.88835,0.901304
0.298533,0.835901,0.413912,0.823248,0.612975,phase2,checkpoints/best_map_resnet50_mse_phase2.pth,0.3,0.596914,30,0.101792,0.871351,classwise_current_max30,0.45,17300,0.04865,0.596958,0.082135,0.358121,0.107163,0.833922,0.892045,0.769504,0.88835,0.901304
0.299034,0.825279,0.416384,0.828154,0.614861,phase2,checkpoints/best_map_resnet50_mse_phase2.pth,0.35,0.596742,100,0.065816,0.891143,raw_max100,0.45,27364,0.027151,0.633745,0.060606,0.355769,0.071945,0.876325,0.875,0.808511,0.898058,0.918063
0.299034,0.825279,0.41549,0.828154,0.614719,phase2,checkpoints/best_map_resnet50_mse_phase2.pth,0.4,0.596535,100,0.072338,0.888174,raw_max100,0.45,24814,0.029775,0.65812,0.066351,0.388655,0.079361,0.876325,0.875,0.794326,0.898058,0.916201
0.299171,0.825358,0.415944,0.825246,0.613674,phase2,checkpoints/best_map_resnet50_mse_phase2.pth,0.35,0.595879,50,0.077066,0.883226,raw_max50,0.45,23162,0.033837,0.636364,0.066924,0.356589,0.082664,0.862191,0.875,0.797872,0.893204,0.910615
0.299171,0.825358,0.414964,0.825246,0.613512,phase2,checkpoints/best_map_resnet50_mse_phase2.pth,0.4,0.59565,50,0.085669,0.880257,classwise_current_max50,0.45,20766,0.03972,0.660944,0.072034,0.388186,0.089971,0.862191,0.875,0.783688,0.893204,0.908752
0.299171,0.825358,0.414964,0.825246,0.613512,phase2,checkpoints/best_map_resnet50_mse_phase2.pth,0.35,0.59565,50,0.085459,0.880257,classwise_current_max50,0.45,20817,0.03972,0.636364,0.072034,0.356589,0.089971,0.862191,0.875,0.783688,0.893204,0.908752
0.299171,0.825358,0.414964,0.825246,0.613512,phase2,checkpoints/best_map_resnet50_mse_phase2.pth,0.4,0.59565,50,0.0836,0.880257,raw_max50,0.45,21280,0.036615,0.660944,0.072057,0.388186,0.09002,0.862191,0.875,0.783688,0.893204,0.908752
0.298925,0.821407,0.414986,0.826215,0.61456,phase2,checkpoints/best_map_resnet50_mse_phase2.pth,0.45,0.595219,100,0.079495,0.884711,raw_max100,0.45,22492,0.03265,0.686099,0.072978,0.408889,0.087585,0.872792,0.869318,0.787234,0.893204,0.914339
0.298533,0.825358,0.413912,0.823248,0.612975,phase2,checkpoints/best_map_resnet50_mse_phase2.pth,0.4,0.594805,30,0.102031,0.869866,classwise_current_max30,0.45,17230,0.04865,0.660944,0.082135,0.388535,0.107163,0.833922,0.875,0.769504,0.88835,0.901304
0.298533,0.825358,0.413912,0.823248,0.612975,phase2,checkpoints/best_map_resnet50_mse_phase2.pth,0.35,0.594805,30,0.101748,0.869866,classwise_current_max30,0.45,17278,0.04865,0.639004,0.082135,0.358121,0.107163,0.833922,0.875,0.769504,0.88835,0.901304
0.299171,0.821469,0.414422,0.823309,0.613333,phase2,checkpoints/best_map_resnet50_mse_phase2.pth,0.45,0.594341,50,0.090723,0.877288,raw_max50,0.45,19543,0.03972,0.689189,0.078242,0.408482,0.098077,0.862191,0.869318,0.776596,0.88835,0.90689
0.299171,0.821469,0.414422,0.823309,0.613333,phase2,checkpoints/best_map_resnet50_mse_phase2.pth,0.45,0.594341,50,0.090723,0.877288,classwise_current_max50,0.45,19543,0.03972,0.689189,0.078242,0.408482,0.098077,0.862191,0.869318,0.776596,0.88835,0.90689
0.298533,0.821469,0.413297,0.821308,0.612763,phase2,checkpoints/best_map_resnet50_mse_phase2.pth,0.45,0.593474,30,0.107294,0.866898,classwise_current_max30,0.45,16329,0.04865,0.689189,0.088405,0.408072,0.115302,0.833922,0.869318,0.762411,0.883495,0.899441
0.298673,0.817326,0.4147,0.822156,0.614299,phase2,checkpoints/best_map_resnet50_mse_phase2.pth,0.5,0.593431,100,0.087442,0.880257,raw_max100,0.45,20345,0.035813,0.716981,0.08125,0.433333,0.096434,0.865724,0.863636,0.783688,0.883495,0.911546
0.298869,0.817368,0.414119,0.819258,0.613043,phase2,checkpoints/best_map_resnet50_mse_phase2.pth,0.5,0.592532,50,0.098498,0.872835,raw_max50,0.45,17909,0.042931,0.720379,0.085726,0.431981,0.106715,0.855124,0.863636,0.77305,0.878641,0.904097
0.298869,0.817368,0.414119,0.819258,0.613043,phase2,checkpoints/best_map_resnet50_mse_phase2.pth,0.5,0.592532,50,0.098498,0.872835,classwise_current_max50,0.45,17909,0.042931,0.720379,0.085726,0.431981,0.106715,0.855124,0.863636,0.77305,0.878641,0.904097
0.298351,0.817368,0.412959,0.819258,0.612426,phase2,checkpoints/best_map_resnet50_mse_phase2.pth,0.5,0.592072,30,0.115334,0.863434,classwise_current_max30,0.45,15130,0.052095,0.720379,0.096007,0.433014,0.124082,0.830389,0.863636,0.758865,0.878641,0.896648
0.27539,0.827675,0.406815,0.828486,0.594009,phase2,checkpoints/best_map_resnet50_mse_phase2.pth,0.15,0.586475,100,0.038356,0.914894,raw_max100,0.5,48206,0.017027,0.408269,0.032503,0.212598,0.041101,0.908127,0.897727,0.851064,0.917476,0.935754
0.275264,0.825088,0.406698,0.828486,0.593881,phase2,checkpoints/best_map_resnet50_mse_phase2.pth,0.2,0.585884,100,0.043616,0.91143,raw_max100,0.5,42232,0.01904,0.463127,0.037222,0.243557,0.047036,0.90106,0.892045,0.847518,0.917476,0.932961
0.275532,0.827764,0.405763,0.825754,0.593955,phase2,checkpoints/best_map_resnet50_mse_phase2.pth,0.15,0.585753,50,0.049928,0.903513,raw_max50,0.5,36573,0.02328,0.414698,0.040285,0.218859,0.052986,0.883392,0.897727,0.822695,0.912621,0.929236
0.391189,0.844427,0.355161,0.820038,0.515649,phaseB,checkpoints/best_map_resnet50_mse_mosaic_phaseB.pth,0.15,0.585293,100,0.047575,0.864424,raw_max100,0.3,36721,0.021819,0.297913,0.032351,0.203463,0.054457,0.879859,0.892045,0.758865,0.912621,0.874302
0.275122,0.822318,0.406549,0.828486,0.593654,phase2,checkpoints/best_map_resnet50_mse_phase2.pth,0.25,0.585226,100,0.048623,0.906977,raw_max100,0.5,37698,0.020876,0.511475,0.042394,0.267705,0.052601,0.893993,0.886364,0.843972,0.917476,0.928305
0.39111,0.844427,0.354786,0.820038,0.51549,phaseB,checkpoints/best_map_resnet50_mse_mosaic_phaseB.pth,0.2,0.58517,100,0.055317,0.86096,raw_max100,0.3,31455,0.025431,0.359268,0.037759,0.229829,0.062988,0.876325,0.892045,0.748227,0.912621,0.871508
0.275362,0.82517,0.405617,0.825754,0.593793,phase2,checkpoints/best_map_resnet50_mse_phase2.pth,0.2,0.585139,50,0.055375,0.900049,raw_max50,0.5,32849,0.025454,0.464497,0.044793,0.248349,0.059036,0.876325,0.892045,0.819149,0.912621,0.926443
0.391013,0.844427,0.354633,0.818784,0.515364,phaseB,checkpoints/best_map_resnet50_mse_mosaic_phaseB.pth,0.25,0.584844,100,0.06278,0.858486,raw_max100,0.3,27636,0.028902,0.405685,0.043201,0.260446,0.071167,0.872792,0.892045,0.744681,0.907767,0.869646
0.275041,0.822318,0.406233,0.827131,0.593449,phase2,checkpoints/best_map_resnet50_mse_phase2.pth,0.3,0.584835,100,0.053449,0.903018,raw_max100,0.5,34145,0.022874,0.536082,0.047276,0.294671,0.057709,0.890459,0.886364,0.836879,0.912621,0.924581
0.391206,0.841371,0.355045,0.820121,0.515389,phaseB,checkpoints/best_map_resnet50_mse_mosaic_phaseB.pth,0.15,0.584626,50,0.055224,0.85997,raw_max50,0.3,31472,0.026697,0.301158,0.035884,0.208889,0.062777,0.872792,0.886364,0.751773,0.912621,0.870577
0.391206,0.841371,0.354762,0.820121,0.515266,phaseB,checkpoints/best_map_resnet50_mse_mosaic_phaseB.pth,0.2,0.584545,50,0.062547,0.857991,raw_max50,0.3,27723,0.030214,0.361949,0.041016,0.235,0.070698,0.872792,0.886364,0.744681,0.912621,0.868715
0.275174,0.822391,0.405617,0.825754,0.593627,phase2,checkpoints/best_map_resnet50_mse_phase2.pth,0.25,0.584513,50,0.060538,0.897081,raw_max50,0.5,29948,0.027297,0.513158,0.050108,0.271676,0.06471,0.869258,0.886364,0.819149,0.912621,0.92365
0.391093,0.841371,0.354599,0.818849,0.515126,phaseB,checkpoints/best_map_resnet50_mse_mosaic_phaseB.pth,0.25,0.584208,50,0.069678,0.855517,raw_max50,0.3,24814,0.033593,0.408377,0.046259,0.263752,0.078354,0.869258,0.886364,0.741135,0.907767,0.866853
0.275174,0.822391,0.405437,0.824379,0.593377,phase2,checkpoints/best_map_resnet50_mse_phase2.pth,0.3,0.584152,50,0.065607,0.894112,raw_max50,0.5,27543,0.029535,0.537931,0.055182,0.297297,0.069937,0.869258,0.886364,0.815603,0.907767,0.919926
0.390904,0.842122,0.354148,0.816131,0.515153,phaseB,checkpoints/best_map_resnet50_mse_mosaic_phaseB.pth,0.3,0.583691,100,0.069954,0.853538,raw_max100,0.3,24659,0.032241,0.446991,0.048729,0.290881,0.078925,0.869258,0.886364,0.734043,0.898058,0.866853
0.275174,0.822391,0.404549,0.822861,0.593154,phase2,checkpoints/best_map_resnet50_mse_phase2.pth,0.15,0.583626,50,0.078583,0.890153,classwise_current_max50,0.5,22893,0.037098,0.537931,0.065679,0.324042,0.082379,0.869258,0.886364,0.801418,0.902913,0.917132
0.275174,0.822391,0.404549,0.822861,0.593154,phase2,checkpoints/best_map_resnet50_mse_phase2.pth,0.2,0.583626,50,0.078583,0.890153,classwise_current_max50,0.5,22893,0.037098,0.537931,0.065679,0.324042,0.082379,0.869258,0.886364,0.801418,0.902913,0.917132
0.275174,0.822391,0.404549,0.822861,0.593154,phase2,checkpoints/best_map_resnet50_mse_phase2.pth,0.25,0.583626,50,0.078583,0.890153,classwise_current_max50,0.5,22893,0.037098,0.537931,0.065679,0.324042,0.082379,0.869258,0.886364,0.801418,0.902913,0.917132
0.275174,0.822391,0.404549,0.822861,0.593154,phase2,checkpoints/best_map_resnet50_mse_phase2.pth,0.3,0.583626,50,0.078583,0.890153,classwise_current_max50,0.5,22893,0.037098,0.537931,0.065679,0.324042,0.082379,0.869258,0.886364,0.801418,0.902913,0.917132
0.275041,0.816049,0.406049,0.825625,0.593392,phase2,checkpoints/best_map_resnet50_mse_phase2.pth,0.35,0.583231,100,0.058816,0.900544,raw_max100,0.5,30944,0.02502,0.578947,0.052868,0.322971,0.063663,0.890459,0.875,0.833333,0.907767,0.92365
0.390785,0.842122,0.353433,0.814675,0.514916,phaseB,checkpoints/best_map_resnet50_mse_mosaic_phaseB.pth,0.35,0.583186,100,0.077256,0.849085,raw_max100,0.3,22212,0.035735,0.495238,0.053534,0.317789,0.086973,0.865724,0.886364,0.719858,0.893204,0.86406
0.275041,0.816049,0.405256,0.825625,0.593205,phase2,checkpoints/best_map_resnet50_mse_phase2.pth,0.4,0.583035,100,0.064384,0.897081,raw_max100,0.5,28159,0.027341,0.613546,0.05762,0.35619,0.069859,0.890459,0.875,0.819149,0.907767,0.920857
0.390967,0.83905,0.354081,0.816162,0.514895,phaseB,checkpoints/best_map_resnet50_mse_mosaic_phaseB.pth,0.3,0.583031,50,0.076638,0.850569,raw_max50,0.3,22430,0.036721,0.450581,0.051668,0.294586,0.085934,0.865724,0.880682,0.730496,0.898058,0.86406
0.390651,0.842122,0.352845,0.814675,0.514576,phaseB,checkpoints/best_map_resnet50_mse_mosaic_phaseB.pth,0.4,0.582974,100,0.084865,0.845126,raw_max100,0.3,20126,0.039178,0.543554,0.059189,0.346516,0.095248,0.862191,0.886364,0.70922,0.893204,0.860335
0.275174,0.816099,0.405226,0.822861,0.593377,phase2,checkpoints/best_map_resnet50_mse_phase2.pth,0.35,0.582547,50,0.071166,0.892133,raw_max50,0.5,25335,0.031779,0.581132,0.060694,0.324042,0.076105,0.869258,0.875,0.812057,0.902913,0.919926
0.390833,0.83905,0.353327,0.814688,0.514722,phaseB,checkpoints/best_map_resnet50_mse_mosaic_phaseB.pth,0.35,0.582524,50,0.083512,0.846611,raw_max50,0.3,20488,0.039895,0.498392,0.056049,0.321678,0.093677,0.862191,0.880682,0.716312,0.893204,0.862197
0.275174,0.816099,0.404549,0.822861,0.593154,phase2,checkpoints/best_map_resnet50_mse_phase2.pth,0.4,0.582367,50,0.078812,0.889164,classwise_current_max50,0.5,22801,0.037098,0.616,0.065679,0.356322,0.082379,0.869258,0.875,0.801418,0.902913,0.917132
0.275174,0.816099,0.404549,0.822861,0.593154,phase2,checkpoints/best_map_resnet50_mse_phase2.pth,0.35,0.582367,50,0.078581,0.889164,classwise_current_max50,0.5,22868,0.037098,0.581132,0.065679,0.324042,0.082379,0.869258,0.875,0.801418,0.902913,0.917132
0.275174,0.816099,0.404549,0.822861,0.593154,phase2,checkpoints/best_map_resnet50_mse_phase2.pth,0.4,0.582367,50,0.077029,0.889164,raw_max50,0.5,23329,0.034338,0.616,0.065698,0.356322,0.082406,0.869258,0.875,0.801418,0.902913,0.917132
0.390833,0.83905,0.352713,0.814688,0.514448,phaseB,checkpoints/best_map_resnet50_mse_mosaic_phaseB.pth,0.4,0.582346,50,0.092926,0.843642,classwise_current_max50,0.3,18348,0.046842,0.547703,0.061439,0.348485,0.101551,0.862191,0.880682,0.705674,0.893204,0.859404
0.390833,0.83905,0.352713,0.814688,0.514448,phaseB,checkpoints/best_map_resnet50_mse_mosaic_phaseB.pth,0.35,0.582346,50,0.092562,0.843642,classwise_current_max50,0.3,18420,0.046842,0.498392,0.061439,0.321678,0.101551,0.862191,0.880682,0.705674,0.893204,0.859404
0.390833,0.83905,0.352713,0.814688,0.514448,phaseB,checkpoints/best_map_resnet50_mse_mosaic_phaseB.pth,0.15,0.582346,50,0.092392,0.843642,classwise_current_max50,0.3,18454,0.046842,0.449275,0.061439,0.321678,0.101551,0.862191,0.880682,0.705674,0.893204,0.859404
0.390833,0.83905,0.352713,0.814688,0.514448,phaseB,checkpoints/best_map_resnet50_mse_mosaic_phaseB.pth,0.2,0.582346,50,0.092392,0.843642,classwise_current_max50,0.3,18454,0.046842,0.449275,0.061439,0.321678,0.101551,0.862191,0.880682,0.705674,0.893204,0.859404
0.390833,0.83905,0.352713,0.814688,0.514448,phaseB,checkpoints/best_map_resnet50_mse_mosaic_phaseB.pth,0.25,0.582346,50,0.092392,0.843642,classwise_current_max50,0.3,18454,0.046842,0.449275,0.061439,0.321678,0.101551,0.862191,0.880682,0.705674,0.893204,0.859404
0.390833,0.83905,0.352713,0.814688,0.514448,phaseB,checkpoints/best_map_resnet50_mse_mosaic_phaseB.pth,0.3,0.582346,50,0.092392,0.843642,classwise_current_max50,0.3,18454,0.046842,0.449275,0.061439,0.321678,0.101551,0.862191,0.880682,0.705674,0.893204,0.859404
0.390833,0.83905,0.352713,0.814688,0.514448,phaseB,checkpoints/best_map_resnet50_mse_mosaic_phaseB.pth,0.4,0.582346,50,0.090865,0.843642,raw_max50,0.3,18764,0.043339,0.547703,0.061439,0.348485,0.101607,0.862191,0.880682,0.705674,0.893204,0.859404
0.365418,0.859305,0.357146,0.825831,0.502744,phaseB,checkpoints/best_map_resnet50_mse_mosaic_phaseB.pth,0.15,0.582089,100,0.039644,0.91242,raw_max100,0.4,46514,0.018453,0.252713,0.026225,0.166382,0.045343,0.908127,0.926136,0.808511,0.946602,0.93203
0.274707,0.822451,0.400501,0.821044,0.591366,phase2,checkpoints/best_map_resnet50_mse_phase2.pth,0.15,0.582014,30,0.095266,0.875309,classwise_current_max30,0.5,18569,0.046393,0.541667,0.076577,0.326279,0.099682,0.833922,0.886364,0.783688,0.898058,0.904097
0.274707,0.822451,0.400501,0.821044,0.591366,phase2,checkpoints/best_map_resnet50_mse_phase2.pth,0.2,0.582014,30,0.095266,0.875309,classwise_current_max30,0.5,18569,0.046393,0.541667,0.076577,0.326279,0.099682,0.833922,0.886364,0.783688,0.898058,0.904097
0.274707,0.822451,0.400501,0.821044,0.591366,phase2,checkpoints/best_map_resnet50_mse_phase2.pth,0.25,0.582014,30,0.095266,0.875309,classwise_current_max30,0.5,18569,0.046393,0.541667,0.076577,0.326279,0.099682,0.833922,0.886364,0.783688,0.898058,0.904097
0.274707,0.822451,0.400501,0.821044,0.591366,phase2,checkpoints/best_map_resnet50_mse_phase2.pth,0.3,0.582014,30,0.095266,0.875309,classwise_current_max30,0.5,18569,0.046393,0.541667,0.076577,0.326279,0.099682,0.833922,0.886364,0.783688,0.898058,0.904097
0.390118,0.839088,0.351664,0.814698,0.513884,phaseB,checkpoints/best_map_resnet50_mse_mosaic_phaseB.pth,0.4,0.58189,30,0.105437,0.837704,classwise_current_max30,0.3,16057,0.055236,0.551601,0.06687,0.35249,0.115158,0.848057,0.880682,0.698582,0.893204,0.853818
0.390118,0.839088,0.351664,0.814698,0.513884,phaseB,checkpoints/best_map_resnet50_mse_mosaic_phaseB.pth,0.35,0.58189,30,0.104973,0.837704,classwise_current_max30,0.3,16128,0.055236,0.501618,0.06687,0.325664,0.115158,0.848057,0.880682,0.698582,0.893204,0.853818
0.390118,0.839088,0.351664,0.814698,0.513884,phaseB,checkpoints/best_map_resnet50_mse_mosaic_phaseB.pth,0.15,0.58189,30,0.104758,0.837704,classwise_current_max30,0.3,16161,0.055236,0.453216,0.06687,0.325664,0.115158,0.848057,0.880682,0.698582,0.893204,0.853818
0.390118,0.839088,0.351664,0.814698,0.513884,phaseB,checkpoints/best_map_resnet50_mse_mosaic_phaseB.pth,0.2,0.58189,30,0.104758,0.837704,classwise_current_max30,0.3,16161,0.055236,0.453216,0.06687,0.325664,0.115158,0.848057,0.880682,0.698582,0.893204,0.853818
0.390118,0.839088,0.351664,0.814698,0.513884,phaseB,checkpoints/best_map_resnet50_mse_mosaic_phaseB.pth,0.25,0.58189,30,0.104758,0.837704,classwise_current_max30,0.3,16161,0.055236,0.453216,0.06687,0.325664,0.115158,0.848057,0.880682,0.698582,0.893204,0.853818
0.390118,0.839088,0.351664,0.814698,0.513884,phaseB,checkpoints/best_map_resnet50_mse_mosaic_phaseB.pth,0.3,0.58189,30,0.104758,0.837704,classwise_current_max30,0.3,16161,0.055236,0.453216,0.06687,0.325664,0.115158,0.848057,0.880682,0.698582,0.893204,0.853818
0.365418,0.859305,0.357044,0.825009,0.502612,phaseB,checkpoints/best_map_resnet50_mse_mosaic_phaseB.pth,0.2,0.581878,100,0.045621,0.909946,raw_max100,0.4,40310,0.02128,0.296903,0.030688,0.190757,0.05179,0.908127,0.926136,0.804965,0.941748,0.929236
0.274942,0.812448,0.404594,0.823835,0.592996,phase2,checkpoints/best_map_resnet50_mse_phase2.pth,0.45,0.581763,100,0.070488,0.892627,raw_max100,0.5,25593,0.029799,0.6375,0.063369,0.378819,0.076785,0.886926,0.869318,0.808511,0.902913,0.918063
0.390833,0.835871,0.352492,0.814688,0.514351,phaseB,checkpoints/best_map_resnet50_mse_mosaic_phaseB.pth,0.45,0.581647,50,0.098387,0.842157,raw_max50,0.3,17299,0.046842,0.562044,0.067255,0.373225,0.110037,0.862191,0.875,0.702128,0.893204,0.858473
0.390833,0.835871,0.352492,0.814688,0.514351,phaseB,checkpoints/best_map_resnet50_mse_mosaic_phaseB.pth,0.45,0.581647,50,0.098387,0.842157,classwise_current_max50,0.3,17299,0.046842,0.562044,0.067255,0.373225,0.110037,0.862191,0.875,0.702128,0.893204,0.858473
0.390651,0.835788,0.352404,0.814675,0.514484,phaseB,checkpoints/best_map_resnet50_mse_mosaic_phaseB.pth,0.45,0.581601,100,0.092913,0.842652,raw_max100,0.3,18329,0.04298,0.557971,0.065025,0.371717,0.104459,0.862191,0.875,0.702128,0.893204,0.859404
0.390318,0.835871,0.351998,0.814688,0.513606,phaseB,checkpoints/best_map_resnet50_mse_mosaic_phaseB.pth,0.5,0.581296,50,0.10639,0.83622,raw_max50,0.3,15885,0.050673,0.599222,0.073491,0.405286,0.118049,0.85159,0.875,0.695035,0.893204,0.851955
0.390318,0.835871,0.351998,0.814688,0.513606,phaseB,checkpoints/best_map_resnet50_mse_mosaic_phaseB.pth,0.5,0.581296,50,0.10639,0.83622,classwise_current_max50,0.3,15885,0.050673,0.599222,0.073491,0.405286,0.118049,0.85159,0.875,0.695035,0.893204,0.851955
0.390176,0.835788,0.351925,0.814675,0.513774,phaseB,checkpoints/best_map_resnet50_mse_mosaic_phaseB.pth,0.5,0.581268,100,0.101403,0.836714,raw_max100,0.3,16676,0.047144,0.596899,0.071507,0.403509,0.112961,0.85159,0.875,0.695035,0.893204,0.852886
0.390118,0.835885,0.351424,0.814698,0.513884,phaseB,checkpoints/best_map_resnet50_mse_mosaic_phaseB.pth,0.45,0.581202,30,0.110878,0.836714,classwise_current_max30,0.3,15251,0.055236,0.566176,0.072405,0.376278,0.123286,0.848057,0.875,0.695035,0.893204,0.853818
0.36534,0.857415,0.356803,0.823973,0.502202,phaseB,checkpoints/best_map_resnet50_mse_mosaic_phaseB.pth,0.25,0.581147,100,0.051065,0.903513,raw_max100,0.4,35758,0.023843,0.334021,0.034868,0.215402,0.057602,0.904594,0.920455,0.797872,0.936893,0.921788
0.275174,0.812483,0.404054,0.821073,0.59291,phase2,checkpoints/best_map_resnet50_mse_phase2.pth,0.45,0.581139,50,0.083333,0.8857,raw_max50,0.5,21480,0.037098,0.640167,0.07136,0.377551,0.089427,0.869258,0.869318,0.794326,0.898058,0.914339
0.275174,0.812483,0.404054,0.821073,0.59291,phase2,checkpoints/best_map_resnet50_mse_phase2.pth,0.45,0.581139,50,0.083333,0.8857,classwise_current_max50,0.5,21480,0.037098,0.640167,0.07136,0.377551,0.089427,0.869258,0.869318,0.794326,0.898058,0.914339
0.365654,0.856765,0.356353,0.824072,0.501914,phaseB,checkpoints/best_map_resnet50_mse_mosaic_phaseB.pth,0.15,0.580952,50,0.049791,0.901534,raw_max50,0.4,36593,0.024741,0.256329,0.031903,0.172598,0.0564,0.904594,0.920455,0.79078,0.941748,0.918994
0.38992,0.835885,0.350893,0.814698,0.513289,phaseB,checkpoints/best_map_resnet50_mse_mosaic_phaseB.pth,0.5,0.580937,30,0.118957,0.832756,classwise_current_max30,0.3,14148,0.059438,0.601562,0.078511,0.407982,0.131242,0.844523,0.875,0.687943,0.893204,0.849162
0.274707,0.816114,0.400501,0.821044,0.591366,phase2,checkpoints/best_map_resnet50_mse_phase2.pth,0.4,0.580746,30,0.095617,0.87432,classwise_current_max30,0.5,18480,0.046393,0.618474,0.076577,0.357834,0.099682,0.833922,0.875,0.783688,0.898058,0.904097
0.274707,0.816114,0.400501,0.821044,0.591366,phase2,checkpoints/best_map_resnet50_mse_phase2.pth,0.35,0.580746,30,0.095287,0.87432,classwise_current_max30,0.5,18544,0.046393,0.585551,0.076577,0.326279,0.099682,0.833922,0.875,0.783688,0.898058,0.904097
0.365654,0.856765,0.356231,0.823222,0.501861,phaseB,checkpoints/best_map_resnet50_mse_mosaic_phaseB.pth,0.2,0.580746,50,0.055678,0.900049,raw_max50,0.4,32670,0.027583,0.300557,0.036062,0.196538,0.062755,0.904594,0.920455,0.787234,0.936893,0.918063
0.274713,0.808635,0.404347,0.821969,0.592845,phase2,checkpoints/best_map_resnet50_mse_phase2.pth,0.5,0.580502,100,0.07726,0.889164,raw_max100,0.5,23259,0.032473,0.669604,0.070235,0.401302,0.084312,0.879859,0.863636,0.804965,0.898058,0.916201
0.365553,0.854851,0.356231,0.822165,0.501432,phaseB,checkpoints/best_map_resnet50_mse_mosaic_phaseB.pth,0.25,0.580047,50,0.060993,0.895101,raw_max50,0.4,29659,0.030167,0.337526,0.040298,0.219429,0.068247,0.90106,0.914773,0.787234,0.932039,0.911546
0.36525,0.855328,0.356295,0.820707,0.501917,phaseB,checkpoints/best_map_resnet50_mse_mosaic_phaseB.pth,0.3,0.579899,100,0.056637,0.896586,raw_max100,0.4,31993,0.026278,0.372685,0.039331,0.242967,0.063729,0.90106,0.914773,0.783688,0.92233,0.917132
0.275034,0.808654,0.40378,0.819214,0.592735,phase2,checkpoints/best_map_resnet50_mse_phase2.pth,0.5,0.579883,50,0.090256,0.882731,raw_max50,0.5,19766,0.040124,0.672566,0.077646,0.4,0.09701,0.865724,0.863636,0.79078,0.893204,0.912477
0.275034,0.808654,0.40378,0.819214,0.592735,phase2,checkpoints/best_map_resnet50_mse_phase2.pth,0.5,0.579883,50,0.090256,0.882731,classwise_current_max50,0.5,19766,0.040124,0.672566,0.077646,0.4,0.09701,0.865724,0.863636,0.79078,0.893204,0.912477
0.36525,0.855328,0.355873,0.819486,0.501542,phaseB,checkpoints/best_map_resnet50_mse_mosaic_phaseB.pth,0.35,0.579496,100,0.062301,0.891638,raw_max100,0.4,28924,0.028987,0.411765,0.043609,0.268085,0.069769,0.90106,0.914773,0.77305,0.917476,0.911546
0.274707,0.812483,0.399929,0.819248,0.591073,phase2,checkpoints/best_map_resnet50_mse_phase2.pth,0.45,0.579488,30,0.100365,0.870856,classwise_current_max30,0.5,17536,0.046393,0.642857,0.0823,0.379381,0.106784,0.833922,0.869318,0.776596,0.893204,0.901304
0.377676,0.841151,0.351633,0.819244,0.505894,phaseB,checkpoints/best_map_resnet50_mse_mosaic_phaseB.pth,0.15,0.57912,100,0.042881,0.878278,raw_max100,0.35,41394,0.01966,0.267918,0.028809,0.188735,0.04907,0.879859,0.892045,0.77305,0.927184,0.893855
0.377676,0.841151,0.351417,0.819244,0.505844,phaseB,checkpoints/best_map_resnet50_mse_mosaic_phaseB.pth,0.2,0.579066,100,0.049669,0.876794,raw_max100,0.35,35676,0.022754,0.317172,0.033808,0.214848,0.056545,0.879859,0.892045,0.765957,0.927184,0.892924
0.365144,0.852828,0.35554,0.819486,0.501333,phaseB,checkpoints/best_map_resnet50_mse_mosaic_phaseB.pth,0.4,0.578866,100,0.068142,0.888174,raw_max100,0.4,26342,0.031545,0.454545,0.048616,0.296238,0.075912,0.897527,0.909091,0.765957,0.917476,0.908752
0.365441,0.852739,0.35579,0.818845,0.501298,phaseB,checkpoints/best_map_resnet50_mse_mosaic_phaseB.pth,0.3,0.578823,50,0.066521,0.890153,raw_max50,0.4,27044,0.032593,0.376471,0.04453,0.246736,0.074342,0.897527,0.909091,0.776596,0.917476,0.909683
0.377676,0.841151,0.35128,0.818071,0.505563,phaseB,checkpoints/best_map_resnet50_mse_mosaic_phaseB.pth,0.25,0.578748,100,0.056164,0.87333,raw_max100,0.35,31426,0.025902,0.360092,0.03869,0.243902,0.063427,0.879859,0.892045,0.762411,0.92233,0.888268
0.274534,0.808654,0.399616,0.819248,0.590866,phase2,checkpoints/best_map_resnet50_mse_phase2.pth,0.5,0.578584,30,0.107333,0.868382,classwise_current_max30,0.5,16351,0.049359,0.672566,0.088546,0.403509,0.114374,0.830389,0.863636,0.77305,0.893204,0.899441
0.377872,0.838307,0.350831,0.819383,0.50573,phaseB,checkpoints/best_map_resnet50_mse_mosaic_phaseB.pth,0.15,0.578425,50,0.051957,0.87234,raw_max50,0.35,33932,0.025193,0.269896,0.033375,0.195697,0.059174,0.876325,0.886364,0.758865,0.927184,0.888268
0.365441,0.852739,0.355313,0.817604,0.501005,phaseB,checkpoints/best_map_resnet50_mse_mosaic_phaseB.pth,0.35,0.57842,50,0.072038,0.886195,raw_max50,0.4,24862,0.0352,0.415584,0.04842,0.272069,0.080353,0.897527,0.909091,0.765957,0.912621,0.905959
0.377872,0.838307,0.350703,0.819383,0.50573,phaseB,checkpoints/best_map_resnet50_mse_mosaic_phaseB.pth,0.2,0.578399,50,0.058552,0.871846,raw_max50,0.35,30093,0.028275,0.319672,0.037975,0.221321,0.066425,0.876325,0.886364,0.755319,0.927184,0.888268
0.365177,0.852739,0.354948,0.817604,0.500768,phaseB,checkpoints/best_map_resnet50_mse_mosaic_phaseB.pth,0.35,0.578247,50,0.078938,0.882731,classwise_current_max50,0.4,22600,0.040632,0.415584,0.053062,0.272069,0.085924,0.890459,0.909091,0.758865,0.912621,0.903166
0.365177,0.852739,0.354948,0.817604,0.500768,phaseB,checkpoints/best_map_resnet50_mse_mosaic_phaseB.pth,0.15,0.578247,50,0.078799,0.882731,classwise_current_max50,0.4,22640,0.040632,0.376471,0.053062,0.272069,0.085924,0.890459,0.909091,0.758865,0.912621,0.903166
0.365177,0.852739,0.354948,0.817604,0.500768,phaseB,checkpoints/best_map_resnet50_mse_mosaic_phaseB.pth,0.2,0.578247,50,0.078799,0.882731,classwise_current_max50,0.4,22640,0.040632,0.376471,0.053062,0.272069,0.085924,0.890459,0.909091,0.758865,0.912621,0.903166
0.365177,0.852739,0.354948,0.817604,0.500768,phaseB,checkpoints/best_map_resnet50_mse_mosaic_phaseB.pth,0.25,0.578247,50,0.078799,0.882731,classwise_current_max50,0.4,22640,0.040632,0.376471,0.053062,0.272069,0.085924,0.890459,0.909091,0.758865,0.912621,0.903166
0.365177,0.852739,0.354948,0.817604,0.500768,phaseB,checkpoints/best_map_resnet50_mse_mosaic_phaseB.pth,0.3,0.578247,50,0.078799,0.882731,classwise_current_max50,0.4,22640,0.040632,0.376471,0.053062,0.272069,0.085924,0.890459,0.909091,0.758865,0.912621,0.903166
0.377872,0.838307,0.350703,0.81819,0.505405,phaseB,checkpoints/best_map_resnet50_mse_mosaic_phaseB.pth,0.25,0.578095,50,0.064756,0.868877,raw_max50,0.35,27117,0.031353,0.361949,0.042745,0.247718,0.072854,0.876325,0.886364,0.755319,0.92233,0.883613
0.365314,0.850213,0.354948,0.817604,0.500768,phaseB,checkpoints/best_map_resnet50_mse_mosaic_phaseB.pth,0.4,0.577769,50,0.077663,0.882731,raw_max50,0.4,22971,0.037869,0.459538,0.053062,0.299363,0.08597,0.893993,0.903409,0.758865,0.912621,0.903166
0.365177,0.850213,0.354948,0.817604,0.500768,phaseB,checkpoints/best_map_resnet50_mse_mosaic_phaseB.pth,0.4,0.577742,50,0.079251,0.882237,classwise_current_max50,0.4,22498,0.040632,0.459538,0.053062,0.299363,0.085924,0.890459,0.903409,0.758865,0.912621,0.903166
0.364236,0.852739,0.353507,0.817978,0.49973,phaseB,checkpoints/best_map_resnet50_mse_mosaic_phaseB.pth,0.35,0.577638,30,0.094034,0.871846,classwise_current_max30,0.4,18738,0.050123,0.416667,0.060979,0.280597,0.102397,0.865724,0.909091,0.737589,0.912621,0.894786
0.364236,0.852739,0.353507,0.817978,0.49973,phaseB,checkpoints/best_map_resnet50_mse_mosaic_phaseB.pth,0.15,0.577638,30,0.093843,0.871846,classwise_current_max30,0.4,18776,0.050123,0.379147,0.060979,0.280597,0.102397,0.865724,0.909091,0.737589,0.912621,0.894786
0.364236,0.852739,0.353507,0.817978,0.49973,phaseB,checkpoints/best_map_resnet50_mse_mosaic_phaseB.pth,0.2,0.577638,30,0.093843,0.871846,classwise_current_max30,0.4,18776,0.050123,0.379147,0.060979,0.280597,0.102397,0.865724,0.909091,0.737589,0.912621,0.894786
0.364236,0.852739,0.353507,0.817978,0.49973,phaseB,checkpoints/best_map_resnet50_mse_mosaic_phaseB.pth,0.25,0.577638,30,0.093843,0.871846,classwise_current_max30,0.4,18776,0.050123,0.379147,0.060979,0.280597,0.102397,0.865724,0.909091,0.737589,0.912621,0.894786
0.364236,0.852739,0.353507,0.817978,0.49973,phaseB,checkpoints/best_map_resnet50_mse_mosaic_phaseB.pth,0.3,0.577638,30,0.093843,0.871846,classwise_current_max30,0.4,18776,0.050123,0.379147,0.060979,0.280597,0.102397,0.865724,0.909091,0.737589,0.912621,0.894786
0.377578,0.839105,0.350845,0.81437,0.505376,phaseB,checkpoints/best_map_resnet50_mse_mosaic_phaseB.pth,0.3,0.577455,100,0.0625,0.867887,raw_max100,0.35,28064,0.028757,0.398977,0.043612,0.275,0.070403,0.876325,0.886364,0.751773,0.907767,0.885475
0.36503,0.847417,0.355352,0.817962,0.501185,phaseB,checkpoints/best_map_resnet50_mse_mosaic_phaseB.pth,0.45,0.577389,100,0.074357,0.884711,raw_max100,0.4,24046,0.034328,0.480243,0.053844,0.325823,0.082704,0.893993,0.897727,0.762411,0.912621,0.90689
0.364906,0.847417,0.354762,0.817962,0.500777,phaseB,checkpoints/best_map_resnet50_mse_mosaic_phaseB.pth,0.5,0.577165,100,0.081207,0.880257,raw_max100,0.4,21907,0.037494,0.519737,0.059201,0.356736,0.089939,0.890459,0.897727,0.751773,0.912621,0.902235
0.364236,0.850213,0.353507,0.817978,0.49973,phaseB,checkpoints/best_map_resnet50_mse_mosaic_phaseB.pth,0.4,0.577133,30,0.094474,0.871351,classwise_current_max30,0.4,18640,0.050123,0.459538,0.060979,0.308197,0.102397,0.865724,0.903409,0.737589,0.912621,0.894786
0.377578,0.839105,0.350221,0.812993,0.505094,phaseB,checkpoints/best_map_resnet50_mse_mosaic_phaseB.pth,0.35,0.576998,100,0.06888,0.863434,raw_max100,0.35,25334,0.031914,0.444444,0.047827,0.300971,0.077338,0.876325,0.886364,0.737589,0.902913,0.88175
0.365177,0.847484,0.354948,0.816073,0.500601,phaseB,checkpoints/best_map_resnet50_mse_mosaic_phaseB.pth,0.45,0.576857,50,0.083694,0.880257,raw_max50,0.4,21256,0.040632,0.486154,0.058247,0.327496,0.092331,0.890459,0.897727,0.758865,0.907767,0.901304
0.365177,0.847484,0.354948,0.816073,0.500601,phaseB,checkpoints/best_map_resnet50_mse_mosaic_phaseB.pth,0.45,0.576857,50,0.083694,0.880257,classwise_current_max50,0.4,21256,0.040632,0.486154,0.058247,0.327496,0.092331,0.890459,0.897727,0.758865,0.907767,0.901304
0.377755,0.836251,0.350226,0.814436,0.505334,phaseB,checkpoints/best_map_resnet50_mse_mosaic_phaseB.pth,0.3,0.5768,50,0.070875,0.864424,raw_max50,0.35,24649,0.034031,0.401554,0.047383,0.279104,0.079644,0.872792,0.880682,0.744681,0.907767,0.882682
0.365031,0.847484,0.354311,0.816073,0.50024,phaseB,checkpoints/best_map_resnet50_mse_mosaic_phaseB.pth,0.5,0.576628,50,0.090431,0.876299,raw_max50,0.4,19584,0.043904,0.523179,0.063459,0.358925,0.099187,0.886926,0.897727,0.748227,0.907767,0.897579
0.365031,0.847484,0.354311,0.816073,0.50024,phaseB,checkpoints/best_map_resnet50_mse_mosaic_phaseB.pth,0.5,0.576628,50,0.090431,0.876299,classwise_current_max50,0.4,19584,0.043904,0.523179,0.063459,0.358925,0.099187,0.886926,0.897727,0.748227,0.907767,0.897579
0.377343,0.839105,0.350039,0.811518,0.504867,phaseB,checkpoints/best_map_resnet50_mse_mosaic_phaseB.pth,0.4,0.576574,100,0.075562,0.85997,raw_max100,0.35,23001,0.034672,0.493671,0.053502,0.330948,0.084573,0.869258,0.886364,0.734043,0.898058,0.878957
0.377755,0.836251,0.34955,0.813038,0.505095,phaseB,checkpoints/best_map_resnet50_mse_mosaic_phaseB.pth,0.35,0.576338,50,0.076957,0.860465,raw_max50,0.35,22597,0.037043,0.446686,0.051142,0.304918,0.086349,0.872792,0.880682,0.730496,0.902913,0.879888
0.364236,0.847484,0.353507,0.81641,0.499533,phaseB,checkpoints/best_map_resnet50_mse_mosaic_phaseB.pth,0.45,0.576234,30,0.099036,0.869372,classwise_current_max30,0.4,17741,0.050123,0.486154,0.065927,0.335125,0.108792,0.865724,0.897727,0.737589,0.907767,0.892924
0.37762,0.836251,0.349357,0.813038,0.504843,phaseB,checkpoints/best_map_resnet50_mse_mosaic_phaseB.pth,0.35,0.576222,50,0.085134,0.857991,classwise_current_max50,0.35,20368,0.043287,0.446686,0.056521,0.304918,0.093258,0.869258,0.880682,0.72695,0.902913,0.877095
0.37762,0.836251,0.349357,0.813038,0.504843,phaseB,checkpoints/best_map_resnet50_mse_mosaic_phaseB.pth,0.15,0.576222,50,0.084971,0.857991,classwise_current_max50,0.35,20407,0.043287,0.401554,0.056521,0.304918,0.093258,0.869258,0.880682,0.72695,0.902913,0.877095
0.37762,0.836251,0.349357,0.813038,0.504843,phaseB,checkpoints/best_map_resnet50_mse_mosaic_phaseB.pth,0.2,0.576222,50,0.084971,0.857991,classwise_current_max50,0.35,20407,0.043287,0.401554,0.056521,0.304918,0.093258,0.869258,0.880682,0.72695,0.902913,0.877095
0.37762,0.836251,0.349357,0.813038,0.504843,phaseB,checkpoints/best_map_resnet50_mse_mosaic_phaseB.pth,0.25,0.576222,50,0.084971,0.857991,classwise_current_max50,0.35,20407,0.043287,0.401554,0.056521,0.304918,0.093258,0.869258,0.880682,0.72695,0.902913,0.877095
0.37762,0.836251,0.349357,0.813038,0.504843,phaseB,checkpoints/best_map_resnet50_mse_mosaic_phaseB.pth,0.3,0.576222,50,0.084971,0.857991,classwise_current_max50,0.35,20407,0.043287,0.401554,0.056521,0.304918,0.093258,0.869258,0.880682,0.72695,0.902913,0.877095
0.364236,0.847484,0.353259,0.81641,0.499111,phaseB,checkpoints/best_map_resnet50_mse_mosaic_phaseB.pth,0.5,0.5761,30,0.105587,0.866898,classwise_current_max30,0.4,16593,0.053377,0.523179,0.071355,0.365234,0.115227,0.865724,0.897727,0.734043,0.907767,0.889199
0.37762,0.836251,0.349357,0.811543,0.504843,phaseB,checkpoints/best_map_resnet50_mse_mosaic_phaseB.pth,0.4,0.575923,50,0.085466,0.857496,classwise_current_max50,0.35,20277,0.043287,0.496795,0.056521,0.333935,0.093258,0.869258,0.880682,0.72695,0.898058,0.877095
0.37762,0.836251,0.349357,0.811543,0.504843,phaseB,checkpoints/best_map_resnet50_mse_mosaic_phaseB.pth,0.4,0.575923,50,0.083631,0.857496,raw_max50,0.35,20722,0.040117,0.496795,0.056536,0.333935,0.093286,0.869258,0.880682,0.72695,0.898058,0.877095
0.377537,0.836283,0.348355,0.811027,0.504325,phaseB,checkpoints/best_map_resnet50_mse_mosaic_phaseB.pth,0.35,0.575505,30,0.098878,0.850569,classwise_current_max30,0.35,17385,0.052449,0.450581,0.063407,0.308848,0.108108,0.855124,0.880682,0.712766,0.898058,0.871508
0.377537,0.836283,0.348355,0.811027,0.504325,phaseB,checkpoints/best_map_resnet50_mse_mosaic_phaseB.pth,0.15,0.575505,30,0.098657,0.850569,classwise_current_max30,0.35,17424,0.052449,0.4047,0.063407,0.308848,0.108108,0.855124,0.880682,0.712766,0.898058,0.871508
0.377537,0.836283,0.348355,0.811027,0.504325,phaseB,checkpoints/best_map_resnet50_mse_mosaic_phaseB.pth,0.2,0.575505,30,0.098657,0.850569,classwise_current_max30,0.35,17424,0.052449,0.4047,0.063407,0.308848,0.108108,0.855124,0.880682,0.712766,0.898058,0.871508
0.377537,0.836283,0.348355,0.811027,0.504325,phaseB,checkpoints/best_map_resnet50_mse_mosaic_phaseB.pth,0.25,0.575505,30,0.098657,0.850569,classwise_current_max30,0.35,17424,0.052449,0.4047,0.063407,0.308848,0.108108,0.855124,0.880682,0.712766,0.898058,0.871508
0.377537,0.836283,0.348355,0.811027,0.504325,phaseB,checkpoints/best_map_resnet50_mse_mosaic_phaseB.pth,0.3,0.575505,30,0.098657,0.850569,classwise_current_max30,0.35,17424,0.052449,0.4047,0.063407,0.308848,0.108108,0.855124,0.880682,0.712766,0.898058,0.871508
0.377343,0.833292,0.349832,0.811518,0.504782,phaseB,checkpoints/best_map_resnet50_mse_mosaic_phaseB.pth,0.45,0.575353,100,0.082721,0.857991,raw_max100,0.35,20962,0.037975,0.518519,0.059452,0.356455,0.092424,0.869258,0.875,0.730496,0.898058,0.878026
0.37762,0.833335,0.349357,0.811543,0.504751,phaseB,checkpoints/best_map_resnet50_mse_mosaic_phaseB.pth,0.45,0.575321,50,0.090453,0.856507,raw_max50,0.35,19137,0.043287,0.522034,0.062519,0.359223,0.100481,0.869258,0.875,0.72695,0.898058,0.876164
0.37762,0.833335,0.349357,0.811543,0.504751,phaseB,checkpoints/best_map_resnet50_mse_mosaic_phaseB.pth,0.45,0.575321,50,0.090453,0.856507,classwise_current_max50,0.35,19137,0.043287,0.522034,0.062519,0.359223,0.100481,0.869258,0.875,0.72695,0.898058,0.876164
0.377537,0.836283,0.348355,0.809513,0.504325,phaseB,checkpoints/best_map_resnet50_mse_mosaic_phaseB.pth,0.4,0.575202,30,0.099318,0.850074,classwise_current_max30,0.35,17298,0.052449,0.5,0.063407,0.336996,0.108108,0.855124,0.880682,0.712766,0.893204,0.871508
0.377206,0.833292,0.349393,0.811518,0.50442,phaseB,checkpoints/best_map_resnet50_mse_mosaic_phaseB.pth,0.5,0.575166,100,0.090556,0.854527,raw_max100,0.35,19071,0.041845,0.562044,0.065553,0.384615,0.100439,0.865724,0.875,0.723404,0.898058,0.874302
0.377465,0.833335,0.348898,0.811543,0.504359,phaseB,checkpoints/best_map_resnet50_mse_mosaic_phaseB.pth,0.5,0.57512,50,0.097849,0.853043,raw_max50,0.35,17619,0.046953,0.564103,0.068281,0.387841,0.107974,0.865724,0.875,0.719858,0.898058,0.872439
0.377465,0.833335,0.348898,0.811543,0.504359,phaseB,checkpoints/best_map_resnet50_mse_mosaic_phaseB.pth,0.5,0.57512,50,0.097849,0.853043,classwise_current_max50,0.35,17619,0.046953,0.564103,0.068281,0.387841,0.107974,0.865724,0.875,0.719858,0.898058,0.872439
0.377537,0.833347,0.348355,0.809513,0.504219,phaseB,checkpoints/best_map_resnet50_mse_mosaic_phaseB.pth,0.45,0.574594,30,0.104284,0.849085,classwise_current_max30,0.35,16455,0.052449,0.525597,0.068906,0.361493,0.115119,0.855124,0.875,0.712766,0.893204,0.870577
0.377537,0.833347,0.348095,0.809513,0.503885,phaseB,checkpoints/best_map_resnet50_mse_mosaic_phaseB.pth,0.5,0.574475,30,0.111655,0.847105,classwise_current_max30,0.35,15333,0.056358,0.566176,0.074683,0.389006,0.122374,0.855124,0.875,0.70922,0.893204,0.867784
0.340625,0.860348,0.353415,0.823198,0.488454,phaseB,checkpoints/best_map_resnet50_mse_mosaic_phaseB.pth,0.15,0.573208,100,0.036305,0.931222,raw_max100,0.45,51838,0.017472,0.227211,0.024671,0.147015,0.040681,0.929329,0.948864,0.858156,0.956311,0.943203
0.340625,0.858961,0.35303,0.82247,0.488415,phaseB,checkpoints/best_map_resnet50_mse_mosaic_phaseB.pth,0.2,0.5727,100,0.041481,0.927759,raw_max100,0.45,45201,0.019958,0.267742,0.028337,0.170881,0.046301,0.929329,0.943182,0.843972,0.951456,0.942272
0.340442,0.858038,0.353382,0.820636,0.488173,phaseB,checkpoints/best_map_resnet50_mse_mosaic_phaseB.pth,0.15,0.572134,50,0.04742,0.920336,raw_max50,0.45,39224,0.024236,0.232168,0.031478,0.153423,0.05279,0.918728,0.943182,0.840426,0.946602,0.932961
0.340473,0.857249,0.352808,0.821547,0.488234,phaseB,checkpoints/best_map_resnet50_mse_mosaic_phaseB.pth,0.25,0.572062,100,0.046312,0.92281,raw_max100,0.45,40270,0.022186,0.302198,0.032109,0.19174,0.051447,0.922261,0.9375,0.836879,0.946602,0.938547
0.340442,0.856624,0.353012,0.819878,0.488173,phaseB,checkpoints/best_map_resnet50_mse_mosaic_phaseB.pth,0.2,0.571626,50,0.052736,0.917862,raw_max50,0.45,35175,0.026829,0.272277,0.03513,0.176364,0.058538,0.918728,0.9375,0.829787,0.941748,0.932961
0.340473,0.857249,0.352455,0.819589,0.488083,phaseB,checkpoints/best_map_resnet50_mse_mosaic_phaseB.pth,0.3,0.57157,100,0.051318,0.918852,raw_max100,0.45,36186,0.024438,0.335366,0.036225,0.217342,0.056799,0.922261,0.9375,0.826241,0.936893,0.935754
0.340242,0.854888,0.353012,0.818934,0.487947,phaseB,checkpoints/best_map_resnet50_mse_mosaic_phaseB.pth,0.25,0.571005,50,0.057539,0.913904,raw_max50,0.45,32100,0.029064,0.30597,0.039111,0.196138,0.063486,0.911661,0.931818,0.829787,0.936893,0.929236
0.340242,0.854888,0.352585,0.817977,0.487823,phaseB,checkpoints/best_map_resnet50_mse_mosaic_phaseB.pth,0.3,0.570703,50,0.062479,0.910935,raw_max50,0.45,29466,0.031322,0.336756,0.042961,0.221453,0.068699,0.911661,0.931818,0.819149,0.932039,0.927374
0.340473,0.855166,0.35192,0.817377,0.487748,phaseB,checkpoints/best_map_resnet50_mse_mosaic_phaseB.pth,0.35,0.570537,100,0.056185,0.91242,raw_max100,0.45,32820,0.026819,0.368539,0.03984,0.239649,0.062057,0.922261,0.931818,0.812057,0.927184,0.930168
0.340376,0.852936,0.351614,0.817377,0.487264,phaseB,checkpoints/best_map_resnet50_mse_mosaic_phaseB.pth,0.4,0.569914,100,0.061185,0.906482,raw_max100,0.45,29942,0.029161,0.39951,0.044275,0.263085,0.067118,0.918728,0.926136,0.804965,0.927184,0.922719
0.34012,0.854888,0.351606,0.815722,0.487051,phaseB,checkpoints/best_map_resnet50_mse_mosaic_phaseB.pth,0.15,0.569877,50,0.073135,0.901039,classwise_current_max50,0.45,24899,0.038594,0.336756,0.050482,0.243902,0.078693,0.908127,0.931818,0.797872,0.92233,0.917132
0.34012,0.854888,0.351606,0.815722,0.487051,phaseB,checkpoints/best_map_resnet50_mse_mosaic_phaseB.pth,0.2,0.569877,50,0.073135,0.901039,classwise_current_max50,0.45,24899,0.038594,0.336756,0.050482,0.243902,0.078693,0.908127,0.931818,0.797872,0.92233,0.917132
0.34012,0.854888,0.351606,0.815722,0.487051,phaseB,checkpoints/best_map_resnet50_mse_mosaic_phaseB.pth,0.25,0.569877,50,0.073135,0.901039,classwise_current_max50,0.45,24899,0.038594,0.336756,0.050482,0.243902,0.078693,0.908127,0.931818,0.797872,0.92233,0.917132
0.34012,0.854888,0.351606,0.815722,0.487051,phaseB,checkpoints/best_map_resnet50_mse_mosaic_phaseB.pth,0.3,0.569877,50,0.073135,0.901039,classwise_current_max50,0.45,24899,0.038594,0.336756,0.050482,0.243902,0.078693,0.908127,0.931818,0.797872,0.92233,0.917132
0.340242,0.852798,0.351957,0.815722,0.487554,phaseB,checkpoints/best_map_resnet50_mse_mosaic_phaseB.pth,0.35,0.569654,50,0.067265,0.905492,raw_max50,0.45,27206,0.033633,0.369615,0.046213,0.243902,0.074013,0.911661,0.926136,0.804965,0.92233,0.92365
0.34012,0.852798,0.351606,0.815722,0.487051,phaseB,checkpoints/best_map_resnet50_mse_mosaic_phaseB.pth,0.35,0.569459,50,0.073231,0.900544,classwise_current_max50,0.45,24853,0.038594,0.369615,0.050482,0.243902,0.078693,0.908127,0.926136,0.797872,0.92233,0.917132
0.33934,0.855103,0.350194,0.81622,0.486428,phaseB,checkpoints/best_map_resnet50_mse_mosaic_phaseB.pth,0.15,0.569457,30,0.089044,0.887185,classwise_current_max30,0.45,20136,0.049536,0.343096,0.058406,0.25266,0.095725,0.886926,0.931818,0.758865,0.92233,0.90689
0.33934,0.855103,0.350194,0.81622,0.486428,phaseB,checkpoints/best_map_resnet50_mse_mosaic_phaseB.pth,0.2,0.569457,30,0.089044,0.887185,classwise_current_max30,0.45,20136,0.049536,0.343096,0.058406,0.25266,0.095725,0.886926,0.931818,0.758865,0.92233,0.90689
0.33934,0.855103,0.350194,0.81622,0.486428,phaseB,checkpoints/best_map_resnet50_mse_mosaic_phaseB.pth,0.25,0.569457,30,0.089044,0.887185,classwise_current_max30,0.45,20136,0.049536,0.343096,0.058406,0.25266,0.095725,0.886926,0.931818,0.758865,0.92233,0.90689
0.33934,0.855103,0.350194,0.81622,0.486428,phaseB,checkpoints/best_map_resnet50_mse_mosaic_phaseB.pth,0.3,0.569457,30,0.089044,0.887185,classwise_current_max30,0.45,20136,0.049536,0.343096,0.058406,0.25266,0.095725,0.886926,0.931818,0.758865,0.92233,0.90689
0.33934,0.852986,0.350194,0.81622,0.486428,phaseB,checkpoints/best_map_resnet50_mse_mosaic_phaseB.pth,0.35,0.569034,30,0.089185,0.88669,classwise_current_max30,0.45,20093,0.049536,0.374713,0.058406,0.25266,0.095725,0.886926,0.926136,0.758865,0.92233,0.90689
0.34012,0.850561,0.351606,0.815722,0.487051,phaseB,checkpoints/best_map_resnet50_mse_mosaic_phaseB.pth,0.4,0.569012,50,0.073501,0.900049,classwise_current_max50,0.45,24748,0.038594,0.40099,0.050482,0.267229,0.078693,0.908127,0.920455,0.797872,0.92233,0.917132
0.34012,0.850561,0.351606,0.815722,0.487051,phaseB,checkpoints/best_map_resnet50_mse_mosaic_phaseB.pth,0.4,0.569012,50,0.072157,0.900049,raw_max50,0.45,25209,0.036055,0.40099,0.050494,0.267229,0.078737,0.908127,0.920455,0.797872,0.92233,0.917132
0.33934,0.850721,0.350194,0.81622,0.486428,phaseB,checkpoints/best_map_resnet50_mse_mosaic_phaseB.pth,0.4,0.568581,30,0.089577,0.886195,classwise_current_max30,0.45,19994,0.049536,0.406015,0.058406,0.275762,0.095725,0.886926,0.920455,0.758865,0.92233,0.90689
0.340376,0.848083,0.351283,0.816029,0.487068,phaseB,checkpoints/best_map_resnet50_mse_mosaic_phaseB.pth,0.45,0.568568,100,0.06655,0.902524,raw_max100,0.45,27408,0.031711,0.430481,0.048575,0.290965,0.072915,0.918728,0.914773,0.797872,0.92233,0.919926
0.34012,0.848133,0.351231,0.814359,0.486822,phaseB,checkpoints/best_map_resnet50_mse_mosaic_phaseB.pth,0.45,0.568133,50,0.077333,0.896586,raw_max50,0.45,23431,0.038594,0.432796,0.05451,0.293935,0.084176,0.908127,0.914773,0.79078,0.917476,0.914339
0.34012,0.848133,0.351231,0.814359,0.486822,phaseB,checkpoints/best_map_resnet50_mse_mosaic_phaseB.pth,0.45,0.568133,50,0.077333,0.896586,classwise_current_max50,0.45,23431,0.038594,0.432796,0.05451,0.293935,0.084176,0.908127,0.914773,0.79078,0.917476,0.914339
0.33934,0.848273,0.350194,0.814823,0.486246,phaseB,checkpoints/best_map_resnet50_mse_mosaic_phaseB.pth,0.45,0.567775,30,0.093786,0.884216,classwise_current_max30,0.45,19054,0.049536,0.436314,0.062923,0.300955,0.101366,0.886926,0.914773,0.758865,0.917476,0.905028
0.340143,0.845462,0.350554,0.816029,0.486571,phaseB,checkpoints/best_map_resnet50_mse_mosaic_phaseB.pth,0.5,0.567752,100,0.07223,0.895596,raw_max100,0.45,25059,0.034446,0.463768,0.053099,0.316667,0.078719,0.911661,0.909091,0.783688,0.92233,0.913408
0.339838,0.845504,0.35042,0.814359,0.486334,phaseB,checkpoints/best_map_resnet50_mse_mosaic_phaseB.pth,0.5,0.567291,50,0.082926,0.890153,raw_max50,0.45,21694,0.041342,0.465116,0.058745,0.319257,0.089855,0.90106,0.909091,0.776596,0.917476,0.908752
0.339838,0.845504,0.35042,0.814359,0.486334,phaseB,checkpoints/best_map_resnet50_mse_mosaic_phaseB.pth,0.5,0.567291,50,0.082926,0.890153,classwise_current_max50,0.45,21694,0.041342,0.465116,0.058745,0.319257,0.089855,0.90106,0.909091,0.776596,0.917476,0.908752
0.339158,0.845622,0.349722,0.814823,0.485662,phaseB,checkpoints/best_map_resnet50_mse_mosaic_phaseB.pth,0.5,0.566997,30,0.099268,0.879268,classwise_current_max30,0.45,17901,0.052159,0.469208,0.067559,0.325862,0.106752,0.883392,0.909091,0.751773,0.917476,0.899441
0.32039,0.858277,0.342808,0.813914,0.470977,phaseB,checkpoints/best_map_resnet50_mse_mosaic_phaseB.pth,0.15,0.561273,100,0.033282,0.940129,raw_max100,0.5,57088,0.016407,0.192483,0.022642,0.125631,0.036935,0.932862,0.960227,0.87234,0.966019,0.951583
0.32039,0.857094,0.342459,0.813291,0.470868,phaseB,checkpoints/best_map_resnet50_mse_mosaic_phaseB.pth,0.2,0.56082,100,0.037691,0.935675,raw_max100,0.5,50171,0.01855,0.228571,0.025742,0.147212,0.041663,0.932862,0.954545,0.858156,0.961165,0.94879
0.320322,0.85561,0.342361,0.81249,0.470745,phaseB,checkpoints/best_map_resnet50_mse_mosaic_phaseB.pth,0.25,0.560306,100,0.041946,0.932212,raw_max100,0.5,44915,0.020598,0.261346,0.02912,0.167091,0.046071,0.929329,0.948864,0.85461,0.956311,0.945996
0.320845,0.858405,0.342304,0.808221,0.470984,phaseB,checkpoints/best_map_resnet50_mse_mosaic_phaseB.pth,0.15,0.560152,50,0.044829,0.927759,raw_max50,0.5,41826,0.023686,0.199528,0.030054,0.131757,0.049313,0.922261,0.960227,0.85461,0.946602,0.939479
0.320322,0.85561,0.342145,0.810779,0.470656,phaseB,checkpoints/best_map_resnet50_mse_mosaic_phaseB.pth,0.3,0.559902,100,0.04636,0.929243,raw_max100,0.5,40509,0.022674,0.292982,0.032655,0.190244,0.05071,0.929329,0.948864,0.847518,0.946602,0.944134
0.320845,0.857187,0.341955,0.808221,0.470937,phaseB,checkpoints/best_map_resnet50_mse_mosaic_phaseB.pth,0.2,0.559829,50,0.049515,0.925285,raw_max50,0.5,37766,0.026048,0.233983,0.033259,0.152941,0.054202,0.922261,0.954545,0.843972,0.946602,0.938547
0.32075,0.855674,0.34183,0.807397,0.470779,phaseB,checkpoints/best_map_resnet50_mse_mosaic_phaseB.pth,0.25,0.559286,50,0.053902,0.921821,raw_max50,0.5,34563,0.02823,0.266348,0.036761,0.171833,0.058601,0.918728,0.948864,0.840426,0.941748,0.935754
0.32075,0.855674,0.341694,0.806558,0.470723,phaseB,checkpoints/best_map_resnet50_mse_mosaic_phaseB.pth,0.3,0.55908,50,0.058384,0.920336,raw_max50,0.5,31858,0.030257,0.295575,0.04028,0.195344,0.063332,0.918728,0.948864,0.836879,0.936893,0.934823
0.320322,0.853753,0.341546,0.808831,0.470358,phaseB,checkpoints/best_map_resnet50_mse_mosaic_phaseB.pth,0.35,0.558962,100,0.050574,0.922316,raw_max100,0.5,36857,0.024793,0.328713,0.03572,0.211855,0.055136,0.929329,0.943182,0.829787,0.936893,0.938547
0.320232,0.851733,0.341409,0.808831,0.470084,phaseB,checkpoints/best_map_resnet50_mse_mosaic_phaseB.pth,0.4,0.558458,100,0.05503,0.918357,raw_max100,0.5,33727,0.026855,0.36105,0.039707,0.23253,0.059646,0.925795,0.9375,0.826241,0.936893,0.933892
0.32075,0.85567,0.340939,0.804564,0.470207,phaseB,checkpoints/best_map_resnet50_mse_mosaic_phaseB.pth,0.15,0.558426,50,0.067863,0.912914,classwise_current_max50,0.5,27187,0.036958,0.294533,0.047162,0.215819,0.072163,0.918728,0.948864,0.819149,0.927184,0.927374
0.32075,0.85567,0.340939,0.804564,0.470207,phaseB,checkpoints/best_map_resnet50_mse_mosaic_phaseB.pth,0.2,0.558426,50,0.067863,0.912914,classwise_current_max50,0.5,27187,0.036958,0.294533,0.047162,0.215819,0.072163,0.918728,0.948864,0.819149,0.927184,0.927374
0.32075,0.85567,0.340939,0.804564,0.470207,phaseB,checkpoints/best_map_resnet50_mse_mosaic_phaseB.pth,0.25,0.558426,50,0.067863,0.912914,classwise_current_max50,0.5,27187,0.036958,0.294533,0.047162,0.215819,0.072163,0.918728,0.948864,0.819149,0.927184,0.927374
0.32075,0.85567,0.340939,0.804564,0.470207,phaseB,checkpoints/best_map_resnet50_mse_mosaic_phaseB.pth,0.3,0.558426,50,0.067863,0.912914,classwise_current_max50,0.5,27187,0.036958,0.294533,0.047162,0.215819,0.072163,0.918728,0.948864,0.819149,0.927184,0.927374
0.32075,0.853806,0.341103,0.804564,0.470475,phaseB,checkpoints/best_map_resnet50_mse_mosaic_phaseB.pth,0.35,0.55814,50,0.062616,0.914894,raw_max50,0.5,29529,0.032342,0.330677,0.043243,0.215819,0.067852,0.918728,0.943182,0.822695,0.927184,0.931099
0.318209,0.855824,0.340542,0.805022,0.470705,phaseB,checkpoints/best_map_resnet50_mse_mosaic_phaseB.pth,0.15,0.558061,30,0.084113,0.89807,classwise_current_max30,0.5,21578,0.047492,0.300901,0.055626,0.224442,0.090031,0.879859,0.948864,0.780142,0.927184,0.919926
0.318209,0.855824,0.340542,0.805022,0.470705,phaseB,checkpoints/best_map_resnet50_mse_mosaic_phaseB.pth,0.2,0.558061,30,0.084113,0.89807,classwise_current_max30,0.5,21578,0.047492,0.300901,0.055626,0.224442,0.090031,0.879859,0.948864,0.780142,0.927184,0.919926
0.318209,0.855824,0.340542,0.805022,0.470705,phaseB,checkpoints/best_map_resnet50_mse_mosaic_phaseB.pth,0.25,0.558061,30,0.084113,0.89807,classwise_current_max30,0.5,21578,0.047492,0.300901,0.055626,0.224442,0.090031,0.879859,0.948864,0.780142,0.927184,0.919926
0.318209,0.855824,0.340542,0.805022,0.470705,phaseB,checkpoints/best_map_resnet50_mse_mosaic_phaseB.pth,0.3,0.558061,30,0.084113,0.89807,classwise_current_max30,0.5,21578,0.047492,0.300901,0.055626,0.224442,0.090031,0.879859,0.948864,0.780142,0.927184,0.919926
0.32075,0.853806,0.340939,0.804564,0.470207,phaseB,checkpoints/best_map_resnet50_mse_mosaic_phaseB.pth,0.35,0.558053,50,0.067987,0.91242,classwise_current_max50,0.5,27123,0.036958,0.33002,0.047162,0.215819,0.072163,0.918728,0.943182,0.819149,0.927184,0.927374
0.318209,0.853938,0.340542,0.805022,0.470705,phaseB,checkpoints/best_map_resnet50_mse_mosaic_phaseB.pth,0.35,0.557683,30,0.084294,0.897575,classwise_current_max30,0.5,21520,0.047492,0.334004,0.055626,0.224442,0.090031,0.879859,0.943182,0.780142,0.927184,0.919926
0.32075,0.851778,0.340939,0.804564,0.470207,phaseB,checkpoints/best_map_resnet50_mse_mosaic_phaseB.pth,0.4,0.557648,50,0.068269,0.911925,classwise_current_max50,0.5,26996,0.036958,0.362637,0.047162,0.236973,0.072163,0.918728,0.9375,0.819149,0.927184,0.927374
0.32075,0.851778,0.340939,0.804564,0.470207,phaseB,checkpoints/best_map_resnet50_mse_mosaic_phaseB.pth,0.4,0.557648,50,0.067096,0.911925,raw_max50,0.5,27468,0.034579,0.362637,0.047162,0.236973,0.072226,0.918728,0.9375,0.819149,0.927184,0.927374
0.320232,0.847508,0.341111,0.807637,0.469913,phaseB,checkpoints/best_map_resnet50_mse_mosaic_phaseB.pth,0.45,0.55728,100,0.059788,0.914399,raw_max100,0.5,30909,0.029218,0.381733,0.043618,0.255659,0.06465,0.925795,0.926136,0.819149,0.932039,0.931099
0.318209,0.851888,0.340542,0.805022,0.470705,phaseB,checkpoints/best_map_resnet50_mse_mosaic_phaseB.pth,0.4,0.557273,30,0.084716,0.897081,classwise_current_max30,0.5,21401,0.047492,0.366667,0.055626,0.245186,0.090031,0.879859,0.9375,0.780142,0.927184,0.919926
0.320127,0.845198,0.340624,0.807637,0.469532,phaseB,checkpoints/best_map_resnet50_mse_mosaic_phaseB.pth,0.5,0.556624,100,0.064788,0.908956,raw_max100,0.5,28354,0.031713,0.412214,0.047659,0.278261,0.06972,0.922261,0.920455,0.808511,0.932039,0.925512
0.32075,0.847533,0.340589,0.803355,0.470002,phaseB,checkpoints/best_map_resnet50_mse_mosaic_phaseB.pth,0.45,0.556446,50,0.0718,0.907966,raw_max50,0.5,25557,0.036958,0.383529,0.051025,0.258856,0.077126,0.918728,0.926136,0.812057,0.92233,0.924581
0.32075,0.847533,0.340589,0.803355,0.470002,phaseB,checkpoints/best_map_resnet50_mse_mosaic_phaseB.pth,0.45,0.556446,50,0.0718,0.907966,classwise_current_max50,0.5,25557,0.036958,0.383529,0.051025,0.258856,0.077126,0.918728,0.926136,0.812057,0.92233,0.924581
0.318209,0.847609,0.340542,0.803777,0.47045,phaseB,checkpoints/best_map_resnet50_mse_mosaic_phaseB.pth,0.45,0.556118,30,0.088574,0.894112,classwise_current_max30,0.5,20401,0.047492,0.386256,0.060011,0.265363,0.095132,0.879859,0.926136,0.780142,0.92233,0.917132
0.320618,0.845218,0.340024,0.803355,0.469627,phaseB,checkpoints/best_map_resnet50_mse_mosaic_phaseB.pth,0.5,0.555768,50,0.076697,0.903018,raw_max50,0.5,23795,0.039488,0.413265,0.054868,0.28065,0.082005,0.915194,0.920455,0.801418,0.92233,0.919926
0.320618,0.845218,0.340024,0.803355,0.469627,phaseB,checkpoints/best_map_resnet50_mse_mosaic_phaseB.pth,0.5,0.555768,50,0.076697,0.903018,classwise_current_max50,0.5,23795,0.039488,0.413265,0.054868,0.28065,0.082005,0.915194,0.920455,0.801418,0.92233,0.919926
0.318209,0.845276,0.340318,0.803777,0.470081,phaseB,checkpoints/best_map_resnet50_mse_mosaic_phaseB.pth,0.5,0.555532,30,0.093719,0.891143,classwise_current_max30,0.5,19217,0.05007,0.416452,0.064602,0.287009,0.100071,0.879859,0.920455,0.776596,0.92233,0.913408
